<?xml version="1.0" encoding="UTF-8"?>
<kml xmlns="http://www.opengis.net/kml/2.2">
<Document>
<Placemark>
  <ExtendedData>
    <Data name='count'>
      <value>1</value>
    </Data>
    <Data name='system:index'>
      <value>+8321+5123</value>
    </Data>
    <Data name='health_score'>
      <value>-53</value>
    </Data>
  </ExtendedData>
  <Polygon>
    <outerBoundaryIs>
      <LinearRing>
        <coordinates>77.59379426528899,11.285295994993088 77.5938857984062,11.285295194037214 77.59388660990831,11.285385539141457 77.59379507676414,11.285386340106314 77.59379426528899,11.285295994993088 </coordinates>
      </LinearRing>
    </outerBoundaryIs>
  </Polygon>
</Placemark><Placemark>
  <ExtendedData>
    <Data name='count'>
      <value>1</value>
    </Data>
    <Data name='system:index'>
      <value>+8321+5124</value>
    </Data>
    <Data name='health_score'>
      <value>-56</value>
    </Data>
  </ExtendedData>
  <Polygon>
    <outerBoundaryIs>
      <LinearRing>
        <coordinates>77.59379345382283,11.285205649879861 77.5938849869131,11.28520484893297 77.5938857984062,11.285295194037214 77.59379426528899,11.285295994993088 77.59379345382283,11.285205649879861 </coordinates>
      </LinearRing>
    </outerBoundaryIs>
  </Polygon>
</Placemark><Placemark>
  <ExtendedData>
    <Data name='count'>
      <value>1</value>
    </Data>
    <Data name='system:index'>
      <value>+8321+5125</value>
    </Data>
    <Data name='health_score'>
      <value>-58</value>
    </Data>
  </ExtendedData>
  <Polygon>
    <outerBoundaryIs>
      <LinearRing>
        <coordinates>77.59379264236564,11.285115304757651 77.59388417542897,11.285114503819745 77.5938849869131,11.28520484893297 77.59379345382283,11.285205649879861 77.59379264236564,11.285115304757651 </coordinates>
      </LinearRing>
    </outerBoundaryIs>
  </Polygon>
</Placemark><Placemark>
  <ExtendedData>
    <Data name='count'>
      <value>1</value>
    </Data>
    <Data name='system:index'>
      <value>+8321+5126</value>
    </Data>
    <Data name='health_score'>
      <value>-55</value>
    </Data>
  </ExtendedData>
  <Polygon>
    <outerBoundaryIs>
      <LinearRing>
        <coordinates>77.59379183090846,11.285024959644426 77.59388336394484,11.285024158715501 77.59388417542897,11.285114503819745 77.59379264236564,11.285115304757651 77.59379183090846,11.285024959644426 </coordinates>
      </LinearRing>
    </outerBoundaryIs>
  </Polygon>
</Placemark><Placemark>
  <ExtendedData>
    <Data name='count'>
      <value>1</value>
    </Data>
    <Data name='system:index'>
      <value>+8321+5127</value>
    </Data>
    <Data name='health_score'>
      <value>-54</value>
    </Data>
  </ExtendedData>
  <Polygon>
    <outerBoundaryIs>
      <LinearRing>
        <coordinates>77.59379101946925,11.284934614531199 77.5938825524697,11.284933813602276 77.59388336394484,11.285024158715501 77.59379183090846,11.285024959644426 77.59379101946925,11.284934614531199 </coordinates>
      </LinearRing>
    </outerBoundaryIs>
  </Polygon>
</Placemark><Placemark>
  <ExtendedData>
    <Data name='count'>
      <value>1</value>
    </Data>
    <Data name='system:index'>
      <value>+8321+5128</value>
    </Data>
    <Data name='health_score'>
      <value>-49</value>
    </Data>
  </ExtendedData>
  <Polygon>
    <outerBoundaryIs>
      <LinearRing>
        <coordinates>77.59379020803004,11.284844269417974 77.59388174100353,11.284843468498032 77.5938825524697,11.284933813602276 77.59379101946925,11.284934614531199 77.59379020803004,11.284844269417974 </coordinates>
      </LinearRing>
    </outerBoundaryIs>
  </Polygon>
</Placemark><Placemark>
  <ExtendedData>
    <Data name='count'>
      <value>1</value>
    </Data>
    <Data name='system:index'>
      <value>+8321+5129</value>
    </Data>
    <Data name='health_score'>
      <value>-52</value>
    </Data>
  </ExtendedData>
  <Polygon>
    <outerBoundaryIs>
      <LinearRing>
        <coordinates>77.5937893965998,11.284753924295764 77.59388092954636,11.284753123384807 77.59388174100353,11.284843468498032 77.59379020803004,11.284844269417974 77.5937893965998,11.284753924295764 </coordinates>
      </LinearRing>
    </outerBoundaryIs>
  </Polygon>
</Placemark><Placemark>
  <ExtendedData>
    <Data name='count'>
      <value>1</value>
    </Data>
    <Data name='system:index'>
      <value>+8321+5130</value>
    </Data>
    <Data name='health_score'>
      <value>-59</value>
    </Data>
  </ExtendedData>
  <Polygon>
    <outerBoundaryIs>
      <LinearRing>
        <coordinates>77.59378858516958,11.284663579182538 77.59388011808917,11.284662778280563 77.59388092954636,11.284753123384807 77.5937893965998,11.284753924295764 77.59378858516958,11.284663579182538 </coordinates>
      </LinearRing>
    </outerBoundaryIs>
  </Polygon>
</Placemark><Placemark>
  <ExtendedData>
    <Data name='count'>
      <value>1</value>
    </Data>
    <Data name='system:index'>
      <value>+8321+5131</value>
    </Data>
    <Data name='health_score'>
      <value>-62</value>
    </Data>
  </ExtendedData>
  <Polygon>
    <outerBoundaryIs>
      <LinearRing>
        <coordinates>77.59378777375731,11.284573234060328 77.59387930664997,11.284572433167337 77.59388011808917,11.284662778280563 77.59378858516958,11.284663579182538 77.59378777375731,11.284573234060328 </coordinates>
      </LinearRing>
    </outerBoundaryIs>
  </Polygon>
</Placemark><Placemark>
  <ExtendedData>
    <Data name='count'>
      <value>2</value>
    </Data>
    <Data name='system:index'>
      <value>+8321+5135</value>
    </Data>
    <Data name='health_score'>
      <value>-72</value>
    </Data>
  </ExtendedData>
  <Polygon>
    <outerBoundaryIs>
      <LinearRing>
        <coordinates>77.59378452815318,11.284211853589458 77.59387606092903,11.284211052714433 77.59387768377154,11.284391742940885 77.59378615094177,11.284392543824893 77.59378452815318,11.284211853589458 </coordinates>
      </LinearRing>
    </outerBoundaryIs>
  </Polygon>
</Placemark><Placemark>
  <ExtendedData>
    <Data name='count'>
      <value>1</value>
    </Data>
    <Data name='system:index'>
      <value>+8321+5136</value>
    </Data>
    <Data name='health_score'>
      <value>-70</value>
    </Data>
  </ExtendedData>
  <Polygon>
    <outerBoundaryIs>
      <LinearRing>
        <coordinates>77.59378371676786,11.284121508467248 77.59387524951677,11.284120707601206 77.59387606092903,11.284211052714433 77.59378452815318,11.284211853589458 77.59378371676786,11.284121508467248 </coordinates>
      </LinearRing>
    </outerBoundaryIs>
  </Polygon>
</Placemark><Placemark>
  <ExtendedData>
    <Data name='count'>
      <value>1</value>
    </Data>
    <Data name='system:index'>
      <value>+8321+5137</value>
    </Data>
    <Data name='health_score'>
      <value>-74</value>
    </Data>
  </ExtendedData>
  <Polygon>
    <outerBoundaryIs>
      <LinearRing>
        <coordinates>77.59378290540052,11.28403116334504 77.5938744381135,11.28403036248798 77.59387524951677,11.284120707601206 77.59378371676786,11.284121508467248 77.59378290540052,11.28403116334504 </coordinates>
      </LinearRing>
    </outerBoundaryIs>
  </Polygon>
</Placemark><Placemark>
  <ExtendedData>
    <Data name='count'>
      <value>1</value>
    </Data>
    <Data name='system:index'>
      <value>+8322+5112</value>
    </Data>
    <Data name='health_score'>
      <value>-47</value>
    </Data>
  </ExtendedData>
  <Polygon>
    <outerBoundaryIs>
      <LinearRing>
        <coordinates>77.59389472530654,11.286288990174905 77.5939862587292,11.286288189120215 77.5939870703391,11.286378534215476 77.59389553688051,11.286379335279147 77.59389472530654,11.286288990174905 </coordinates>
      </LinearRing>
    </outerBoundaryIs>
  </Polygon>
</Placemark><Placemark>
  <ExtendedData>
    <Data name='count'>
      <value>1</value>
    </Data>
    <Data name='system:index'>
      <value>+8322+5118</value>
    </Data>
    <Data name='health_score'>
      <value>-43</value>
    </Data>
  </ExtendedData>
  <Polygon>
    <outerBoundaryIs>
      <LinearRing>
        <coordinates>77.59388985598855,11.285746919567412 77.59398138924053,11.285746118548657 77.5939822008055,11.285836463652899 77.5938906675176,11.285837264671656 77.59388985598855,11.285746919567412 </coordinates>
      </LinearRing>
    </outerBoundaryIs>
  </Polygon>
</Placemark><Placemark>
  <ExtendedData>
    <Data name='count'>
      <value>1</value>
    </Data>
    <Data name='system:index'>
      <value>+8322+5119</value>
    </Data>
    <Data name='health_score'>
      <value>-44</value>
    </Data>
  </ExtendedData>
  <Polygon>
    <outerBoundaryIs>
      <LinearRing>
        <coordinates>77.5938890444595,11.28565657446317 77.59398057768452,11.285655773453398 77.59398138924053,11.285746118548657 77.59388985598855,11.285746919567412 77.5938890444595,11.28565657446317 </coordinates>
      </LinearRing>
    </outerBoundaryIs>
  </Polygon>
</Placemark><Placemark>
  <ExtendedData>
    <Data name='count'>
      <value>1</value>
    </Data>
    <Data name='system:index'>
      <value>+8322+5120</value>
    </Data>
    <Data name='health_score'>
      <value>-47</value>
    </Data>
  </ExtendedData>
  <Polygon>
    <outerBoundaryIs>
      <LinearRing>
        <coordinates>77.59388823293047,11.285566229358926 77.59397976612853,11.285565428358137 77.59398057768452,11.285655773453398 77.5938890444595,11.28565657446317 77.59388823293047,11.285566229358926 </coordinates>
      </LinearRing>
    </outerBoundaryIs>
  </Polygon>
</Placemark><Placemark>
  <ExtendedData>
    <Data name='count'>
      <value>1</value>
    </Data>
    <Data name='system:index'>
      <value>+8322+5121</value>
    </Data>
    <Data name='health_score'>
      <value>-49</value>
    </Data>
  </ExtendedData>
  <Polygon>
    <outerBoundaryIs>
      <LinearRing>
        <coordinates>77.59388742141938,11.285475884254684 77.59397895459051,11.285475083253894 77.59397976612853,11.285565428358137 77.59388823293047,11.285566229358926 77.59388742141938,11.285475884254684 </coordinates>
      </LinearRing>
    </outerBoundaryIs>
  </Polygon>
</Placemark><Placemark>
  <ExtendedData>
    <Data name='count'>
      <value>1</value>
    </Data>
    <Data name='system:index'>
      <value>+8322+5122</value>
    </Data>
    <Data name='health_score'>
      <value>-56</value>
    </Data>
  </ExtendedData>
  <Polygon>
    <outerBoundaryIs>
      <LinearRing>
        <coordinates>77.59388660990831,11.285385539141457 77.59397814305248,11.285384738158633 77.59397895459051,11.285475083253894 77.59388742141938,11.285475884254684 77.59388660990831,11.285385539141457 </coordinates>
      </LinearRing>
    </outerBoundaryIs>
  </Polygon>
</Placemark><Placemark>
  <ExtendedData>
    <Data name='count'>
      <value>1</value>
    </Data>
    <Data name='system:index'>
      <value>+8322+5123</value>
    </Data>
    <Data name='health_score'>
      <value>-57</value>
    </Data>
  </ExtendedData>
  <Polygon>
    <outerBoundaryIs>
      <LinearRing>
        <coordinates>77.5938857984062,11.285295194037214 77.59397733152343,11.285294393054391 77.59397814305248,11.285384738158633 77.59388660990831,11.285385539141457 77.5938857984062,11.285295194037214 </coordinates>
      </LinearRing>
    </outerBoundaryIs>
  </Polygon>
</Placemark><Placemark>
  <ExtendedData>
    <Data name='count'>
      <value>1</value>
    </Data>
    <Data name='system:index'>
      <value>+8322+5125</value>
    </Data>
    <Data name='health_score'>
      <value>-63</value>
    </Data>
  </ExtendedData>
  <Polygon>
    <outerBoundaryIs>
      <LinearRing>
        <coordinates>77.59388417542897,11.285114503819745 77.59397570848331,11.285113702854888 77.59397651999438,11.28520404795913 77.5938849869131,11.28520484893297 77.59388417542897,11.285114503819745 </coordinates>
      </LinearRing>
    </outerBoundaryIs>
  </Polygon>
</Placemark><Placemark>
  <ExtendedData>
    <Data name='count'>
      <value>1</value>
    </Data>
    <Data name='system:index'>
      <value>+8322+5126</value>
    </Data>
    <Data name='health_score'>
      <value>-62</value>
    </Data>
  </ExtendedData>
  <Polygon>
    <outerBoundaryIs>
      <LinearRing>
        <coordinates>77.59388336394484,11.285024158715501 77.59397489697223,11.285023357759629 77.59397570848331,11.285113702854888 77.59388417542897,11.285114503819745 77.59388336394484,11.285024158715501 </coordinates>
      </LinearRing>
    </outerBoundaryIs>
  </Polygon>
</Placemark><Placemark>
  <ExtendedData>
    <Data name='count'>
      <value>2</value>
    </Data>
    <Data name='system:index'>
      <value>+8322+5128</value>
    </Data>
    <Data name='health_score'>
      <value>-59</value>
    </Data>
  </ExtendedData>
  <Polygon>
    <outerBoundaryIs>
      <LinearRing>
        <coordinates>77.59388174100353,11.284843468498032 77.59397327397703,11.284842667551143 77.59397489697223,11.285023357759629 77.59388336394484,11.285024158715501 77.59388174100353,11.284843468498032 </coordinates>
      </LinearRing>
    </outerBoundaryIs>
  </Polygon>
</Placemark><Placemark>
  <ExtendedData>
    <Data name='count'>
      <value>2</value>
    </Data>
    <Data name='system:index'>
      <value>+8322+5130</value>
    </Data>
    <Data name='health_score'>
      <value>-61</value>
    </Data>
  </ExtendedData>
  <Polygon>
    <outerBoundaryIs>
      <LinearRing>
        <coordinates>77.59388011808917,11.284662778280563 77.59397165100877,11.284661977342656 77.59397327397703,11.284842667551143 77.59388174100353,11.284843468498032 77.59388011808917,11.284662778280563 </coordinates>
      </LinearRing>
    </outerBoundaryIs>
  </Polygon>
</Placemark><Placemark>
  <ExtendedData>
    <Data name='count'>
      <value>1</value>
    </Data>
    <Data name='system:index'>
      <value>+8322+5131</value>
    </Data>
    <Data name='health_score'>
      <value>-63</value>
    </Data>
  </ExtendedData>
  <Polygon>
    <outerBoundaryIs>
      <LinearRing>
        <coordinates>77.59387930664997,11.284572433167337 77.59397083953363,11.284571632238412 77.59397165100877,11.284661977342656 77.59388011808917,11.284662778280563 77.59387930664997,11.284572433167337 </coordinates>
      </LinearRing>
    </outerBoundaryIs>
  </Polygon>
</Placemark><Placemark>
  <ExtendedData>
    <Data name='count'>
      <value>2</value>
    </Data>
    <Data name='system:index'>
      <value>+8322+5132</value>
    </Data>
    <Data name='health_score'>
      <value>-70</value>
    </Data>
  </ExtendedData>
  <Polygon>
    <outerBoundaryIs>
      <LinearRing>
        <coordinates>77.59378696234505,11.284482888947103 77.59397002805848,11.28448128713417 77.59397083953363,11.284571632238412 77.59378777375731,11.284573234060328 77.59378696234505,11.284482888947103 </coordinates>
      </LinearRing>
    </outerBoundaryIs>
  </Polygon>
</Placemark><Placemark>
  <ExtendedData>
    <Data name='count'>
      <value>3</value>
    </Data>
    <Data name='system:index'>
      <value>+8322+5134</value>
    </Data>
    <Data name='health_score'>
      <value>-71</value>
    </Data>
  </ExtendedData>
  <Polygon>
    <outerBoundaryIs>
      <LinearRing>
        <coordinates>77.59378615094177,11.284392543824893 77.59387768377154,11.284391742940885 77.5938768723503,11.284301397827658 77.59396840514411,11.284300596916701 77.59397002805848,11.28448128713417 77.59378696234505,11.284482888947103 77.59378615094177,11.284392543824893 </coordinates>
      </LinearRing>
    </outerBoundaryIs>
  </Polygon>
</Placemark><Placemark>
  <ExtendedData>
    <Data name='count'>
      <value>1</value>
    </Data>
    <Data name='system:index'>
      <value>+8322+5135</value>
    </Data>
    <Data name='health_score'>
      <value>-69</value>
    </Data>
  </ExtendedData>
  <Polygon>
    <outerBoundaryIs>
      <LinearRing>
        <coordinates>77.59387606092903,11.284211052714433 77.5939675937049,11.284210251812457 77.59396840514411,11.284300596916701 77.5938768723503,11.284301397827658 77.59387606092903,11.284211052714433 </coordinates>
      </LinearRing>
    </outerBoundaryIs>
  </Polygon>
</Placemark><Placemark>
  <ExtendedData>
    <Data name='count'>
      <value>1</value>
    </Data>
    <Data name='system:index'>
      <value>+8322+5136</value>
    </Data>
    <Data name='health_score'>
      <value>-67</value>
    </Data>
  </ExtendedData>
  <Polygon>
    <outerBoundaryIs>
      <LinearRing>
        <coordinates>77.59387524951677,11.284120707601206 77.59396678225671,11.284119906708215 77.5939675937049,11.284210251812457 77.59387606092903,11.284211052714433 77.59387524951677,11.284120707601206 </coordinates>
      </LinearRing>
    </outerBoundaryIs>
  </Polygon>
</Placemark><Placemark>
  <ExtendedData>
    <Data name='count'>
      <value>1</value>
    </Data>
    <Data name='system:index'>
      <value>+8322+5137</value>
    </Data>
    <Data name='health_score'>
      <value>-71</value>
    </Data>
  </ExtendedData>
  <Polygon>
    <outerBoundaryIs>
      <LinearRing>
        <coordinates>77.5938744381135,11.28403036248798 77.59396597082647,11.284029561594988 77.59396678225671,11.284119906708215 77.59387524951677,11.284120707601206 77.5938744381135,11.28403036248798 </coordinates>
      </LinearRing>
    </outerBoundaryIs>
  </Polygon>
</Placemark><Placemark>
  <ExtendedData>
    <Data name='count'>
      <value>1</value>
    </Data>
    <Data name='system:index'>
      <value>+8323+5111</value>
    </Data>
    <Data name='health_score'>
      <value>-44</value>
    </Data>
  </ExtendedData>
  <Polygon>
    <outerBoundaryIs>
      <LinearRing>
        <coordinates>77.5939870703391,11.286378534215476 77.59407860378869,11.286377733133838 77.59407941542553,11.286468078220114 77.59398788194898,11.286468879310736 77.5939870703391,11.286378534215476 </coordinates>
      </LinearRing>
    </outerBoundaryIs>
  </Polygon>
</Placemark><Placemark>
  <ExtendedData>
    <Data name='count'>
      <value>1</value>
    </Data>
    <Data name='system:index'>
      <value>+8323+5113</value>
    </Data>
    <Data name='health_score'>
      <value>-45</value>
    </Data>
  </ExtendedData>
  <Polygon>
    <outerBoundaryIs>
      <LinearRing>
        <coordinates>77.59398544712829,11.28619784403394 77.594076980524,11.2861970429523 77.59407779215185,11.286287388047562 77.5939862587292,11.286288189120215 77.59398544712829,11.28619784403394 </coordinates>
      </LinearRing>
    </outerBoundaryIs>
  </Polygon>
</Placemark><Placemark>
  <ExtendedData>
    <Data name='count'>
      <value>2</value>
    </Data>
    <Data name='system:index'>
      <value>+8323+5116</value>
    </Data>
    <Data name='health_score'>
      <value>-45</value>
    </Data>
  </ExtendedData>
  <MultiGeometry>
    <Polygon>
      <outerBoundaryIs>
        <LinearRing>
          <coordinates>77.59398382395342,11.286017153843419 77.59398463553636,11.28610749893868 77.59389310216761,11.286108299975401 77.59389229061162,11.28601795487116 77.59398382395342,11.286017153843419 </coordinates>
        </LinearRing>
      </outerBoundaryIs>
    </Polygon>
    <Polygon>
      <outerBoundaryIs>
        <LinearRing>
          <coordinates>77.59398382395342,11.286017153843419 77.59398301237945,11.28592680874816 77.59407454567635,11.28592600769347 77.59407535728624,11.286016352779749 77.59398382395342,11.286017153843419 </coordinates>
        </LinearRing>
      </outerBoundaryIs>
    </Polygon>
  </MultiGeometry>
</Placemark><Placemark>
  <ExtendedData>
    <Data name='count'>
      <value>3</value>
    </Data>
    <Data name='system:index'>
      <value>+8323+5117</value>
    </Data>
    <Data name='health_score'>
      <value>-44</value>
    </Data>
  </ExtendedData>
  <Polygon>
    <outerBoundaryIs>
      <LinearRing>
        <coordinates>77.5938906675176,11.285837264671656 77.59407373408442,11.285835662598211 77.59407454567635,11.28592600769347 77.59398301237945,11.28592680874816 77.59398382395342,11.286017153843419 77.59389229061162,11.28601795487116 77.5938906675176,11.285837264671656 </coordinates>
      </LinearRing>
    </outerBoundaryIs>
  </Polygon>
</Placemark><Placemark>
  <ExtendedData>
    <Data name='count'>
      <value>1</value>
    </Data>
    <Data name='system:index'>
      <value>+8323+5118</value>
    </Data>
    <Data name='health_score'>
      <value>-45</value>
    </Data>
  </ExtendedData>
  <Polygon>
    <outerBoundaryIs>
      <LinearRing>
        <coordinates>77.59398138924053,11.285746118548657 77.5940729224835,11.285745317511935 77.59407373408442,11.285835662598211 77.5939822008055,11.285836463652899 77.59398138924053,11.285746118548657 </coordinates>
      </LinearRing>
    </outerBoundaryIs>
  </Polygon>
</Placemark><Placemark>
  <ExtendedData>
    <Data name='count'>
      <value>1</value>
    </Data>
    <Data name='system:index'>
      <value>+8323+5119</value>
    </Data>
    <Data name='health_score'>
      <value>-46</value>
    </Data>
  </ExtendedData>
  <Polygon>
    <outerBoundaryIs>
      <LinearRing>
        <coordinates>77.59398057768452,11.285655773453398 77.59407211090057,11.285654972416674 77.5940729224835,11.285745317511935 77.59398138924053,11.285746118548657 77.59398057768452,11.285655773453398 </coordinates>
      </LinearRing>
    </outerBoundaryIs>
  </Polygon>
</Placemark><Placemark>
  <ExtendedData>
    <Data name='count'>
      <value>1</value>
    </Data>
    <Data name='system:index'>
      <value>+8323+5120</value>
    </Data>
    <Data name='health_score'>
      <value>-51</value>
    </Data>
  </ExtendedData>
  <Polygon>
    <outerBoundaryIs>
      <LinearRing>
        <coordinates>77.59397976612853,11.285565428358137 77.59407129931762,11.285564627330398 77.59407211090057,11.285654972416674 77.59398057768452,11.285655773453398 77.59397976612853,11.285565428358137 </coordinates>
      </LinearRing>
    </outerBoundaryIs>
  </Polygon>
</Placemark><Placemark>
  <ExtendedData>
    <Data name='count'>
      <value>2</value>
    </Data>
    <Data name='system:index'>
      <value>+8323+5121</value>
    </Data>
    <Data name='health_score'>
      <value>-54</value>
    </Data>
  </ExtendedData>
  <MultiGeometry>
    <Polygon>
      <outerBoundaryIs>
        <LinearRing>
          <coordinates>77.59407129931762,11.285564627330398 77.59416283250671,11.285563826275709 77.5941636441166,11.285654171361987 77.59407211090057,11.285654972416674 77.59407129931762,11.285564627330398 </coordinates>
        </LinearRing>
      </outerBoundaryIs>
    </Polygon>
    <Polygon>
      <outerBoundaryIs>
        <LinearRing>
          <coordinates>77.59407129931762,11.285564627330398 77.59397976612853,11.285565428358137 77.59397895459051,11.285475083253894 77.59407048775265,11.285474282235139 77.59407129931762,11.285564627330398 </coordinates>
        </LinearRing>
      </outerBoundaryIs>
    </Polygon>
  </MultiGeometry>
</Placemark><Placemark>
  <ExtendedData>
    <Data name='count'>
      <value>4</value>
    </Data>
    <Data name='system:index'>
      <value>+8323+5124</value>
    </Data>
    <Data name='health_score'>
      <value>-59</value>
    </Data>
  </ExtendedData>
  <Polygon>
    <outerBoundaryIs>
      <LinearRing>
        <coordinates>77.5938849869131,11.28520484893297 77.59406805307567,11.285203246958341 77.59407048775265,11.285474282235139 77.59397895459051,11.285475083253894 77.59397733152343,11.285294393054391 77.5938857984062,11.285295194037214 77.5938849869131,11.28520484893297 </coordinates>
      </LinearRing>
    </outerBoundaryIs>
  </Polygon>
</Placemark><Placemark>
  <ExtendedData>
    <Data name='count'>
      <value>1</value>
    </Data>
    <Data name='system:index'>
      <value>+8323+5125</value>
    </Data>
    <Data name='health_score'>
      <value>-64</value>
    </Data>
  </ExtendedData>
  <Polygon>
    <outerBoundaryIs>
      <LinearRing>
        <coordinates>77.59397570848331,11.285113702854888 77.59406724152866,11.285112901863082 77.59406805307567,11.285203246958341 77.59397651999438,11.28520404795913 77.59397570848331,11.285113702854888 </coordinates>
      </LinearRing>
    </outerBoundaryIs>
  </Polygon>
</Placemark><Placemark>
  <ExtendedData>
    <Data name='count'>
      <value>1</value>
    </Data>
    <Data name='system:index'>
      <value>+8323+5126</value>
    </Data>
    <Data name='health_score'>
      <value>-66</value>
    </Data>
  </ExtendedData>
  <Polygon>
    <outerBoundaryIs>
      <LinearRing>
        <coordinates>77.59397489697223,11.285023357759629 77.59406642999063,11.285022556767823 77.59406724152866,11.285112901863082 77.59397570848331,11.285113702854888 77.59397489697223,11.285023357759629 </coordinates>
      </LinearRing>
    </outerBoundaryIs>
  </Polygon>
</Placemark><Placemark>
  <ExtendedData>
    <Data name='count'>
      <value>4</value>
    </Data>
    <Data name='system:index'>
      <value>+8323+5128</value>
    </Data>
    <Data name='health_score'>
      <value>-68</value>
    </Data>
  </ExtendedData>
  <Polygon>
    <outerBoundaryIs>
      <LinearRing>
        <coordinates>77.59397327397703,11.284842667551143 77.59406480693255,11.284841866577302 77.5940656184616,11.284932211672562 77.59415715144407,11.28493141066279 77.59415877457403,11.285112100835343 77.59406724152866,11.285112901863082 77.59406642999063,11.285022556767823 77.59397489697223,11.285023357759629 77.59397327397703,11.284842667551143 </coordinates>
      </LinearRing>
    </outerBoundaryIs>
  </Polygon>
</Placemark><Placemark>
  <ExtendedData>
    <Data name='count'>
      <value>3</value>
    </Data>
    <Data name='system:index'>
      <value>+8323+5130</value>
    </Data>
    <Data name='health_score'>
      <value>-65</value>
    </Data>
  </ExtendedData>
  <MultiGeometry>
    <Polygon>
      <outerBoundaryIs>
        <LinearRing>
          <coordinates>77.59406480693255,11.284841866577302 77.59415633988807,11.284841065576513 77.59415715144407,11.28493141066279 77.5940656184616,11.284932211672562 77.59406480693255,11.284841866577302 </coordinates>
        </LinearRing>
      </outerBoundaryIs>
    </Polygon>
    <Polygon>
      <outerBoundaryIs>
        <LinearRing>
          <coordinates>77.59406480693255,11.284841866577302 77.59397327397703,11.284842667551143 77.59397165100877,11.284661977342656 77.5940631839104,11.2846611763778 77.59406480693255,11.284841866577302 </coordinates>
        </LinearRing>
      </outerBoundaryIs>
    </Polygon>
  </MultiGeometry>
</Placemark><Placemark>
  <ExtendedData>
    <Data name='count'>
      <value>3</value>
    </Data>
    <Data name='system:index'>
      <value>+8323+5133</value>
    </Data>
    <Data name='health_score'>
      <value>-68</value>
    </Data>
  </ExtendedData>
  <Polygon>
    <outerBoundaryIs>
      <LinearRing>
        <coordinates>77.5939692166013,11.284390942029926 77.59406074942207,11.284390141083037 77.5940631839104,11.2846611763778 77.59397165100877,11.284661977342656 77.5939692166013,11.284390942029926 </coordinates>
      </LinearRing>
    </outerBoundaryIs>
  </Polygon>
</Placemark><Placemark>
  <ExtendedData>
    <Data name='count'>
      <value>1</value>
    </Data>
    <Data name='system:index'>
      <value>+8323+5134</value>
    </Data>
    <Data name='health_score'>
      <value>-72</value>
    </Data>
  </ExtendedData>
  <Polygon>
    <outerBoundaryIs>
      <LinearRing>
        <coordinates>77.59396840514411,11.284300596916701 77.59405993793794,11.284299795987776 77.59406074942207,11.284390141083037 77.5939692166013,11.284390942029926 77.59396840514411,11.284300596916701 </coordinates>
      </LinearRing>
    </outerBoundaryIs>
  </Polygon>
</Placemark><Placemark>
  <ExtendedData>
    <Data name='count'>
      <value>2</value>
    </Data>
    <Data name='system:index'>
      <value>+8323+5136</value>
    </Data>
    <Data name='health_score'>
      <value>-70</value>
    </Data>
  </ExtendedData>
  <Polygon>
    <outerBoundaryIs>
      <LinearRing>
        <coordinates>77.59396678225671,11.284119906708215 77.59405831499664,11.28411910577929 77.59405993793794,11.284299795987776 77.59396840514411,11.284300596916701 77.59396678225671,11.284119906708215 </coordinates>
      </LinearRing>
    </outerBoundaryIs>
  </Polygon>
</Placemark><Placemark>
  <ExtendedData>
    <Data name='count'>
      <value>1</value>
    </Data>
    <Data name='system:index'>
      <value>+8323+5137</value>
    </Data>
    <Data name='health_score'>
      <value>-72</value>
    </Data>
  </ExtendedData>
  <Polygon>
    <outerBoundaryIs>
      <LinearRing>
        <coordinates>77.59396597082647,11.284029561594988 77.59405750353048,11.28402876068403 77.59405831499664,11.28411910577929 77.59396678225671,11.284119906708215 77.59396597082647,11.284029561594988 </coordinates>
      </LinearRing>
    </outerBoundaryIs>
  </Polygon>
</Placemark><Placemark>
  <ExtendedData>
    <Data name='count'>
      <value>2</value>
    </Data>
    <Data name='system:index'>
      <value>+8324+5113</value>
    </Data>
    <Data name='health_score'>
      <value>-47</value>
    </Data>
  </ExtendedData>
  <Polygon>
    <outerBoundaryIs>
      <LinearRing>
        <coordinates>77.594076980524,11.2861970429523 77.59416851390172,11.286196241852698 77.59417013722931,11.286376932016267 77.59407860378869,11.286377733133838 77.594076980524,11.2861970429523 </coordinates>
      </LinearRing>
    </outerBoundaryIs>
  </Polygon>
</Placemark><Placemark>
  <ExtendedData>
    <Data name='count'>
      <value>1</value>
    </Data>
    <Data name='system:index'>
      <value>+8324+5115</value>
    </Data>
    <Data name='health_score'>
      <value>-47</value>
    </Data>
  </ExtendedData>
  <Polygon>
    <outerBoundaryIs>
      <LinearRing>
        <coordinates>77.59407535728624,11.286016352779749 77.59416689061007,11.286015551689127 77.5941677022559,11.286105896775403 77.59407616890512,11.286106697866025 77.59407535728624,11.286016352779749 </coordinates>
      </LinearRing>
    </outerBoundaryIs>
  </Polygon>
</Placemark><Placemark>
  <ExtendedData>
    <Data name='count'>
      <value>11</value>
    </Data>
    <Data name='system:index'>
      <value>+8324+5117</value>
    </Data>
    <Data name='health_score'>
      <value>-46</value>
    </Data>
  </ExtendedData>
  <MultiGeometry>
    <Polygon>
      <outerBoundaryIs>
        <LinearRing>
          <coordinates>77.5939870703391,11.286378534215476 77.59398788194898,11.286468879310736 77.59389634846345,11.286469680374408 77.59389553688051,11.286379335279147 77.5939870703391,11.286378534215476 </coordinates>
        </LinearRing>
      </outerBoundaryIs>
    </Polygon>
    <Polygon>
      <outerBoundaryIs>
        <LinearRing>
          <coordinates>77.59407535728624,11.286016352779749 77.59407373408442,11.285835662598211 77.59416526735436,11.285834861525556 77.59416689061007,11.286015551689127 77.59407535728624,11.286016352779749 </coordinates>
        </LinearRing>
      </outerBoundaryIs>
    </Polygon>
    <Polygon>
      <outerBoundaryIs>
        <LinearRing>
          <coordinates>77.59407860378869,11.286377733133838 77.59426167066094,11.286376130871748 77.59426248236066,11.286466475949041 77.59407941542553,11.286468078220114 77.59407860378869,11.286377733133838 </coordinates>
        </LinearRing>
      </outerBoundaryIs>
    </Polygon>
    <Polygon>
      <outerBoundaryIs>
        <LinearRing>
          <coordinates>77.59407535728624,11.286016352779749 77.59407616890512,11.286106697866025 77.5941677022559,11.286105896775403 77.59416851390172,11.286196241852698 77.59398544712829,11.28619784403394 77.5939862587292,11.286288189120215 77.59389472530654,11.286288990174905 77.59389310216761,11.286108299975401 77.59398463553636,11.28610749893868 77.59398382395342,11.286017153843419 77.59407535728624,11.286016352779749 </coordinates>
        </LinearRing>
      </outerBoundaryIs>
    </Polygon>
    <Polygon>
      <outerBoundaryIs>
        <LinearRing>
          <coordinates>77.5939862587292,11.286288189120215 77.59407779215185,11.286287388047562 77.59407860378869,11.286377733133838 77.5939870703391,11.286378534215476 77.5939862587292,11.286288189120215 </coordinates>
        </LinearRing>
      </outerBoundaryIs>
    </Polygon>
  </MultiGeometry>
</Placemark><Placemark>
  <ExtendedData>
    <Data name='count'>
      <value>1</value>
    </Data>
    <Data name='system:index'>
      <value>+8324+5118</value>
    </Data>
    <Data name='health_score'>
      <value>-48</value>
    </Data>
  </ExtendedData>
  <Polygon>
    <outerBoundaryIs>
      <LinearRing>
        <coordinates>77.5940729224835,11.285745317511935 77.5941644557265,11.28574451643928 77.59416526735436,11.285834861525556 77.59407373408442,11.285835662598211 77.5940729224835,11.285745317511935 </coordinates>
      </LinearRing>
    </outerBoundaryIs>
  </Polygon>
</Placemark><Placemark>
  <ExtendedData>
    <Data name='count'>
      <value>1</value>
    </Data>
    <Data name='system:index'>
      <value>+8324+5119</value>
    </Data>
    <Data name='health_score'>
      <value>-50</value>
    </Data>
  </ExtendedData>
  <Polygon>
    <outerBoundaryIs>
      <LinearRing>
        <coordinates>77.59407211090057,11.285654972416674 77.5941636441166,11.285654171361987 77.5941644557265,11.28574451643928 77.5940729224835,11.285745317511935 77.59407211090057,11.285654972416674 </coordinates>
      </LinearRing>
    </outerBoundaryIs>
  </Polygon>
</Placemark><Placemark>
  <ExtendedData>
    <Data name='count'>
      <value>2</value>
    </Data>
    <Data name='system:index'>
      <value>+8324+5122</value>
    </Data>
    <Data name='health_score'>
      <value>-57</value>
    </Data>
  </ExtendedData>
  <Polygon>
    <outerBoundaryIs>
      <LinearRing>
        <coordinates>77.59406967618767,11.285383937139878 77.59416120931387,11.285383136103157 77.59416283250671,11.285563826275709 77.59407129931762,11.285564627330398 77.59406967618767,11.285383937139878 </coordinates>
      </LinearRing>
    </outerBoundaryIs>
  </Polygon>
</Placemark><Placemark>
  <ExtendedData>
    <Data name='count'>
      <value>1</value>
    </Data>
    <Data name='system:index'>
      <value>+8324+5125</value>
    </Data>
    <Data name='health_score'>
      <value>-63</value>
    </Data>
  </ExtendedData>
  <Polygon>
    <outerBoundaryIs>
      <LinearRing>
        <coordinates>77.59406724152866,11.285112901863082 77.59415877457403,11.285112100835343 77.59415958614798,11.285202445930603 77.59406805307567,11.285203246958341 77.59406724152866,11.285112901863082 </coordinates>
      </LinearRing>
    </outerBoundaryIs>
  </Polygon>
</Placemark><Placemark>
  <ExtendedData>
    <Data name='count'>
      <value>2</value>
    </Data>
    <Data name='system:index'>
      <value>+8324+5131</value>
    </Data>
    <Data name='health_score'>
      <value>-63</value>
    </Data>
  </ExtendedData>
  <Polygon>
    <outerBoundaryIs>
      <LinearRing>
        <coordinates>77.5940623724083,11.28457083128254 77.594153905274,11.284570030299717 77.59415552835004,11.284750720481252 77.59406399542148,11.284751521482042 77.5940623724083,11.28457083128254 </coordinates>
      </LinearRing>
    </outerBoundaryIs>
  </Polygon>
</Placemark><Placemark>
  <ExtendedData>
    <Data name='count'>
      <value>1</value>
    </Data>
    <Data name='system:index'>
      <value>+8324+5132</value>
    </Data>
    <Data name='health_score'>
      <value>-64</value>
    </Data>
  </ExtendedData>
  <Polygon>
    <outerBoundaryIs>
      <LinearRing>
        <coordinates>77.5940615609062,11.28448048618728 77.59415309375393,11.284479685204456 77.594153905274,11.284570030299717 77.5940623724083,11.28457083128254 77.5940615609062,11.28448048618728 </coordinates>
      </LinearRing>
    </outerBoundaryIs>
  </Polygon>
</Placemark><Placemark>
  <ExtendedData>
    <Data name='count'>
      <value>2</value>
    </Data>
    <Data name='system:index'>
      <value>+8324+5134</value>
    </Data>
    <Data name='health_score'>
      <value>-66</value>
    </Data>
  </ExtendedData>
  <Polygon>
    <outerBoundaryIs>
      <LinearRing>
        <coordinates>77.59405993793794,11.284299795987776 77.59415147072279,11.28429899502292 77.59415309375393,11.284479685204456 77.5940615609062,11.28448048618728 77.59405993793794,11.284299795987776 </coordinates>
      </LinearRing>
    </outerBoundaryIs>
  </Polygon>
</Placemark><Placemark>
  <ExtendedData>
    <Data name='count'>
      <value>1</value>
    </Data>
    <Data name='system:index'>
      <value>+8324+5135</value>
    </Data>
    <Data name='health_score'>
      <value>-62</value>
    </Data>
  </ExtendedData>
  <Polygon>
    <outerBoundaryIs>
      <LinearRing>
        <coordinates>77.5940591264628,11.284209450883534 77.5941506592207,11.28420864992766 77.59415147072279,11.28429899502292 77.59405993793794,11.284299795987776 77.5940591264628,11.284209450883534 </coordinates>
      </LinearRing>
    </outerBoundaryIs>
  </Polygon>
</Placemark><Placemark>
  <ExtendedData>
    <Data name='count'>
      <value>1</value>
    </Data>
    <Data name='system:index'>
      <value>+8324+5137</value>
    </Data>
    <Data name='health_score'>
      <value>-67</value>
    </Data>
  </ExtendedData>
  <Polygon>
    <outerBoundaryIs>
      <LinearRing>
        <coordinates>77.59405750353048,11.28402876068403 77.59414903623447,11.28402795973714 77.5941498477186,11.2841183048324 77.59405831499664,11.28411910577929 77.59405750353048,11.28402876068403 </coordinates>
      </LinearRing>
    </outerBoundaryIs>
  </Polygon>
</Placemark><Placemark>
  <ExtendedData>
    <Data name='count'>
      <value>3</value>
    </Data>
    <Data name='system:index'>
      <value>+8325+5114</value>
    </Data>
    <Data name='health_score'>
      <value>-49</value>
    </Data>
  </ExtendedData>
  <Polygon>
    <outerBoundaryIs>
      <LinearRing>
        <coordinates>77.5941677022559,11.286105896775403 77.59425923560669,11.28610509564885 77.59426167066094,11.286376130871748 77.59417013722931,11.286376932016267 77.5941677022559,11.286105896775403 </coordinates>
      </LinearRing>
    </outerBoundaryIs>
  </Polygon>
</Placemark><Placemark>
  <ExtendedData>
    <Data name='count'>
      <value>2</value>
    </Data>
    <Data name='system:index'>
      <value>+8325+5117</value>
    </Data>
    <Data name='health_score'>
      <value>-52</value>
    </Data>
  </ExtendedData>
  <Polygon>
    <outerBoundaryIs>
      <LinearRing>
        <coordinates>77.59416526735436,11.285834861525556 77.59425680061531,11.285834060425953 77.59425842393391,11.286014750571557 77.59416689061007,11.286015551689127 77.59416526735436,11.285834861525556 </coordinates>
      </LinearRing>
    </outerBoundaryIs>
  </Polygon>
</Placemark><Placemark>
  <ExtendedData>
    <Data name='count'>
      <value>2</value>
    </Data>
    <Data name='system:index'>
      <value>+8325+5119</value>
    </Data>
    <Data name='health_score'>
      <value>-53</value>
    </Data>
  </ExtendedData>
  <Polygon>
    <outerBoundaryIs>
      <LinearRing>
        <coordinates>77.5941636441166,11.285654171361987 77.59425517732366,11.285653370271366 77.59425680061531,11.285834060425953 77.59416526735436,11.285834861525556 77.5941636441166,11.285654171361987 </coordinates>
      </LinearRing>
    </outerBoundaryIs>
  </Polygon>
</Placemark><Placemark>
  <ExtendedData>
    <Data name='count'>
      <value>1</value>
    </Data>
    <Data name='system:index'>
      <value>+8325+5121</value>
    </Data>
    <Data name='health_score'>
      <value>-55</value>
    </Data>
  </ExtendedData>
  <Polygon>
    <outerBoundaryIs>
      <LinearRing>
        <coordinates>77.5941620209058,11.285473481189433 77.59425355404997,11.285472680107794 77.59425436568681,11.28556302518509 77.59416283250671,11.285563826275709 77.5941620209058,11.285473481189433 </coordinates>
      </LinearRing>
    </outerBoundaryIs>
  </Polygon>
</Placemark><Placemark>
  <ExtendedData>
    <Data name='count'>
      <value>3</value>
    </Data>
    <Data name='system:index'>
      <value>+8325+5124</value>
    </Data>
    <Data name='health_score'>
      <value>-58</value>
    </Data>
  </ExtendedData>
  <Polygon>
    <outerBoundaryIs>
      <LinearRing>
        <coordinates>77.59406805307567,11.285203246958341 77.59425111920233,11.285201644866932 77.59425193081222,11.285291989953208 77.59416039772195,11.285292791016879 77.59416120931387,11.285383136103157 77.59406967618767,11.285383937139878 77.59406805307567,11.285203246958341 </coordinates>
      </LinearRing>
    </outerBoundaryIs>
  </Polygon>
</Placemark><Placemark>
  <ExtendedData>
    <Data name='count'>
      <value>1</value>
    </Data>
    <Data name='system:index'>
      <value>+8325+5125</value>
    </Data>
    <Data name='health_score'>
      <value>-67</value>
    </Data>
  </ExtendedData>
  <Polygon>
    <outerBoundaryIs>
      <LinearRing>
        <coordinates>77.59415877457403,11.285112100835343 77.59425030760141,11.285111299789637 77.59425111920233,11.285201644866932 77.59415958614798,11.285202445930603 77.59415877457403,11.285112100835343 </coordinates>
      </LinearRing>
    </outerBoundaryIs>
  </Polygon>
</Placemark><Placemark>
  <ExtendedData>
    <Data name='count'>
      <value>1</value>
    </Data>
    <Data name='system:index'>
      <value>+8325+5127</value>
    </Data>
    <Data name='health_score'>
      <value>-69</value>
    </Data>
  </ExtendedData>
  <Polygon>
    <outerBoundaryIs>
      <LinearRing>
        <coordinates>77.59415715144407,11.28493141066279 77.59424868441756,11.284930609626068 77.5942494960095,11.285020954703361 77.59415796300007,11.285021755749066 77.59415715144407,11.28493141066279 </coordinates>
      </LinearRing>
    </outerBoundaryIs>
  </Polygon>
</Placemark><Placemark>
  <ExtendedData>
    <Data name='count'>
      <value>1</value>
    </Data>
    <Data name='system:index'>
      <value>+8325+5132</value>
    </Data>
    <Data name='health_score'>
      <value>-58</value>
    </Data>
  </ExtendedData>
  <Polygon>
    <outerBoundaryIs>
      <LinearRing>
        <coordinates>77.59415309375393,11.284479685204456 77.5942446265837,11.284478884203667 77.5942454381397,11.284569229289943 77.594153905274,11.284570030299717 77.59415309375393,11.284479685204456 </coordinates>
      </LinearRing>
    </outerBoundaryIs>
  </Polygon>
</Placemark><Placemark>
  <ExtendedData>
    <Data name='count'>
      <value>1</value>
    </Data>
    <Data name='system:index'>
      <value>+8325+5133</value>
    </Data>
    <Data name='health_score'>
      <value>-57</value>
    </Data>
  </ExtendedData>
  <Polygon>
    <outerBoundaryIs>
      <LinearRing>
        <coordinates>77.59415228223388,11.28438934011818 77.59424381503669,11.28438853911739 77.5942446265837,11.284478884203667 77.59415309375393,11.284479685204456 77.59415228223388,11.28438934011818 </coordinates>
      </LinearRing>
    </outerBoundaryIs>
  </Polygon>
</Placemark><Placemark>
  <ExtendedData>
    <Data name='count'>
      <value>2</value>
    </Data>
    <Data name='system:index'>
      <value>+8325+5135</value>
    </Data>
    <Data name='health_score'>
      <value>-58</value>
    </Data>
  </ExtendedData>
  <Polygon>
    <outerBoundaryIs>
      <LinearRing>
        <coordinates>77.5941506592207,11.28420864992766 77.59424219196961,11.284207848944837 77.59424381503669,11.28438853911739 77.59415228223388,11.28438934011818 77.5941506592207,11.28420864992766 </coordinates>
      </LinearRing>
    </outerBoundaryIs>
  </Polygon>
</Placemark><Placemark>
  <ExtendedData>
    <Data name='count'>
      <value>1</value>
    </Data>
    <Data name='system:index'>
      <value>+8325+5136</value>
    </Data>
    <Data name='health_score'>
      <value>-60</value>
    </Data>
  </ExtendedData>
  <Polygon>
    <outerBoundaryIs>
      <LinearRing>
        <coordinates>77.5941498477186,11.2841183048324 77.59424138044056,11.284117503849577 77.59424219196961,11.284207848944837 77.5941506592207,11.28420864992766 77.5941498477186,11.2841183048324 </coordinates>
      </LinearRing>
    </outerBoundaryIs>
  </Polygon>
</Placemark><Placemark>
  <ExtendedData>
    <Data name='count'>
      <value>2</value>
    </Data>
    <Data name='system:index'>
      <value>+8325+5137</value>
    </Data>
    <Data name='health_score'>
      <value>-63</value>
    </Data>
  </ExtendedData>
  <MultiGeometry>
    <Polygon>
      <outerBoundaryIs>
        <LinearRing>
          <coordinates>77.5941498477186,11.2841183048324 77.5941506592207,11.28420864992766 77.5940591264628,11.284209450883534 77.59405831499664,11.28411910577929 77.5941498477186,11.2841183048324 </coordinates>
        </LinearRing>
      </outerBoundaryIs>
    </Polygon>
    <Polygon>
      <outerBoundaryIs>
        <LinearRing>
          <coordinates>77.5941498477186,11.2841183048324 77.59414903623447,11.28402795973714 77.59424056892051,11.2840271587633 77.59424138044056,11.284117503849577 77.5941498477186,11.2841183048324 </coordinates>
        </LinearRing>
      </outerBoundaryIs>
    </Polygon>
  </MultiGeometry>
</Placemark><Placemark>
  <ExtendedData>
    <Data name='count'>
      <value>1</value>
    </Data>
    <Data name='system:index'>
      <value>+8326+5111</value>
    </Data>
    <Data name='health_score'>
      <value>-47</value>
    </Data>
  </ExtendedData>
  <Polygon>
    <outerBoundaryIs>
      <LinearRing>
        <coordinates>77.59426167066094,11.286376130871748 77.59435320408359,11.28637532970028 77.59435401581027,11.28646567476859 77.59426248236066,11.286466475949041 77.59426167066094,11.286376130871748 </coordinates>
      </LinearRing>
    </outerBoundaryIs>
  </Polygon>
</Placemark><Placemark>
  <ExtendedData>
    <Data name='count'>
      <value>2</value>
    </Data>
    <Data name='system:index'>
      <value>+8326+5113</value>
    </Data>
    <Data name='health_score'>
      <value>-48</value>
    </Data>
  </ExtendedData>
  <Polygon>
    <outerBoundaryIs>
      <LinearRing>
        <coordinates>77.59426004727946,11.286195440726145 77.59435158065719,11.286194639563657 77.59435320408359,11.28637532970028 77.59426167066094,11.286376130871748 77.59426004727946,11.286195440726145 </coordinates>
      </LinearRing>
    </outerBoundaryIs>
  </Polygon>
</Placemark><Placemark>
  <ExtendedData>
    <Data name='count'>
      <value>3</value>
    </Data>
    <Data name='system:index'>
      <value>+8326+5118</value>
    </Data>
    <Data name='health_score'>
      <value>-54</value>
    </Data>
  </ExtendedData>
  <Polygon>
    <outerBoundaryIs>
      <LinearRing>
        <coordinates>77.5942559889605,11.285743715348659 77.59434752218552,11.285742914222105 77.59434995724877,11.286013949427037 77.59425842393391,11.286014750571557 77.5942559889605,11.285743715348659 </coordinates>
      </LinearRing>
    </outerBoundaryIs>
  </Polygon>
</Placemark><Placemark>
  <ExtendedData>
    <Data name='count'>
      <value>1</value>
    </Data>
    <Data name='system:index'>
      <value>+8326+5121</value>
    </Data>
    <Data name='health_score'>
      <value>-51</value>
    </Data>
  </ExtendedData>
  <Polygon>
    <outerBoundaryIs>
      <LinearRing>
        <coordinates>77.59425355404997,11.285472680107794 77.59434508719414,11.285471879008192 77.59434589884896,11.285562224076502 77.59425436568681,11.28556302518509 77.59425355404997,11.285472680107794 </coordinates>
      </LinearRing>
    </outerBoundaryIs>
  </Polygon>
</Placemark><Placemark>
  <ExtendedData>
    <Data name='count'>
      <value>2</value>
    </Data>
    <Data name='system:index'>
      <value>+8326+5122</value>
    </Data>
    <Data name='health_score'>
      <value>-52</value>
    </Data>
  </ExtendedData>
  <Polygon>
    <outerBoundaryIs>
      <LinearRing>
        <coordinates>77.59416120931387,11.285383136103157 77.59434427553934,11.285381533930897 77.59434508719414,11.285471879008192 77.5941620209058,11.285473481189433 77.59416120931387,11.285383136103157 </coordinates>
      </LinearRing>
    </outerBoundaryIs>
  </Polygon>
</Placemark><Placemark>
  <ExtendedData>
    <Data name='count'>
      <value>2</value>
    </Data>
    <Data name='system:index'>
      <value>+8326+5123</value>
    </Data>
    <Data name='health_score'>
      <value>-55</value>
    </Data>
  </ExtendedData>
  <Polygon>
    <outerBoundaryIs>
      <LinearRing>
        <coordinates>77.59416039772195,11.285292791016879 77.59434346390249,11.285291188862587 77.59434427553934,11.285381533930897 77.59416120931387,11.285383136103157 77.59416039772195,11.285292791016879 </coordinates>
      </LinearRing>
    </outerBoundaryIs>
  </Polygon>
</Placemark><Placemark>
  <ExtendedData>
    <Data name='count'>
      <value>1</value>
    </Data>
    <Data name='system:index'>
      <value>+8326+5124</value>
    </Data>
    <Data name='health_score'>
      <value>-60</value>
    </Data>
  </ExtendedData>
  <Polygon>
    <outerBoundaryIs>
      <LinearRing>
        <coordinates>77.59425111920233,11.285201644866932 77.59434265226565,11.285200843785294 77.59434346390249,11.285291188862587 77.59425193081222,11.285291989953208 77.59425111920233,11.285201644866932 </coordinates>
      </LinearRing>
    </outerBoundaryIs>
  </Polygon>
</Placemark><Placemark>
  <ExtendedData>
    <Data name='count'>
      <value>2</value>
    </Data>
    <Data name='system:index'>
      <value>+8326+5127</value>
    </Data>
    <Data name='health_score'>
      <value>-70</value>
    </Data>
  </ExtendedData>
  <MultiGeometry>
    <Polygon>
      <outerBoundaryIs>
        <LinearRing>
          <coordinates>77.5942494960095,11.285020954703361 77.59425030760141,11.285111299789637 77.59415877457403,11.285112100835343 77.59415796300007,11.285021755749066 77.5942494960095,11.285020954703361 </coordinates>
        </LinearRing>
      </outerBoundaryIs>
    </Polygon>
    <Polygon>
      <outerBoundaryIs>
        <LinearRing>
          <coordinates>77.5942494960095,11.285020954703361 77.59424868441756,11.284930609626068 77.59434021739105,11.284929808562396 77.59434102900994,11.285020153630706 77.5942494960095,11.285020954703361 </coordinates>
        </LinearRing>
      </outerBoundaryIs>
    </Polygon>
  </MultiGeometry>
</Placemark><Placemark>
  <ExtendedData>
    <Data name='count'>
      <value>2</value>
    </Data>
    <Data name='system:index'>
      <value>+8326+5128</value>
    </Data>
    <Data name='health_score'>
      <value>-62</value>
    </Data>
  </ExtendedData>
  <Polygon>
    <outerBoundaryIs>
      <LinearRing>
        <coordinates>77.59415633988807,11.284841065576513 77.59433940578117,11.284839463485103 77.59434021739105,11.284929808562396 77.59415715144407,11.28493141066279 77.59415633988807,11.284841065576513 </coordinates>
      </LinearRing>
    </outerBoundaryIs>
  </Polygon>
</Placemark><Placemark>
  <ExtendedData>
    <Data name='count'>
      <value>8</value>
    </Data>
    <Data name='system:index'>
      <value>+8326+5132</value>
    </Data>
    <Data name='health_score'>
      <value>-59</value>
    </Data>
  </ExtendedData>
  <MultiGeometry>
    <Polygon>
      <outerBoundaryIs>
        <LinearRing>
          <coordinates>77.59424706126964,11.284749919453514 77.59443012708188,11.284748317326171 77.59443093871873,11.284838662394481 77.59424787284361,11.28484026453979 77.59424706126964,11.284749919453514 </coordinates>
        </LinearRing>
      </outerBoundaryIs>
    </Polygon>
    <Polygon>
      <outerBoundaryIs>
        <LinearRing>
          <coordinates>77.59424706126964,11.284749919453514 77.59415552835004,11.284750720481252 77.594153905274,11.284570030299717 77.5942454381397,11.284569229289943 77.5942446265837,11.284478884203667 77.59433615941346,11.284478083166945 77.5943369709964,11.284568428244238 77.59452003668288,11.284566826080964 77.5945208483287,11.284657171149274 77.59424624969569,11.28465957437622 77.59424706126964,11.284749919453514 </coordinates>
        </LinearRing>
      </outerBoundaryIs>
    </Polygon>
  </MultiGeometry>
</Placemark><Placemark>
  <ExtendedData>
    <Data name='count'>
      <value>1</value>
    </Data>
    <Data name='system:index'>
      <value>+8326+5134</value>
    </Data>
    <Data name='health_score'>
      <value>-60</value>
    </Data>
  </ExtendedData>
  <Polygon>
    <outerBoundaryIs>
      <LinearRing>
        <coordinates>77.59424300349866,11.284298194031113 77.59433453626554,11.284297393012357 77.5943353478395,11.284387738089652 77.59424381503669,11.28438853911739 77.59424300349866,11.284298194031113 </coordinates>
      </LinearRing>
    </outerBoundaryIs>
  </Polygon>
</Placemark><Placemark>
  <ExtendedData>
    <Data name='count'>
      <value>2</value>
    </Data>
    <Data name='system:index'>
      <value>+8327+5114</value>
    </Data>
    <Data name='health_score'>
      <value>-52</value>
    </Data>
  </ExtendedData>
  <Polygon>
    <outerBoundaryIs>
      <LinearRing>
        <coordinates>77.59435076894849,11.286104294495347 77.59444230228131,11.286103493314895 77.5944439257616,11.286284183442532 77.5943523923659,11.286284984631969 77.59435076894849,11.286104294495347 </coordinates>
      </LinearRing>
    </outerBoundaryIs>
  </Polygon>
</Placemark><Placemark>
  <ExtendedData>
    <Data name='count'>
      <value>3</value>
    </Data>
    <Data name='system:index'>
      <value>+8327+5115</value>
    </Data>
    <Data name='health_score'>
      <value>-51</value>
    </Data>
  </ExtendedData>
  <MultiGeometry>
    <Polygon>
      <outerBoundaryIs>
        <LinearRing>
          <coordinates>77.59425923560669,11.28610509564885 77.5941677022559,11.286105896775403 77.59416689061007,11.286015551689127 77.59425842393391,11.286014750571557 77.59425923560669,11.28610509564885 </coordinates>
        </LinearRing>
      </outerBoundaryIs>
    </Polygon>
    <Polygon>
      <outerBoundaryIs>
        <LinearRing>
          <coordinates>77.59435076894849,11.286104294495347 77.59434995724877,11.286013949427037 77.59444149055463,11.286013148255568 77.59444230228131,11.286103493314895 77.59435076894849,11.286104294495347 </coordinates>
        </LinearRing>
      </outerBoundaryIs>
    </Polygon>
    <Polygon>
      <outerBoundaryIs>
        <LinearRing>
          <coordinates>77.59425923560669,11.28610509564885 77.59435076894849,11.286104294495347 77.59435158065719,11.286194639563657 77.59426004727946,11.286195440726145 77.59425923560669,11.28610509564885 </coordinates>
        </LinearRing>
      </outerBoundaryIs>
    </Polygon>
  </MultiGeometry>
</Placemark><Placemark>
  <ExtendedData>
    <Data name='count'>
      <value>3</value>
    </Data>
    <Data name='system:index'>
      <value>+8327+5117</value>
    </Data>
    <Data name='health_score'>
      <value>-53</value>
    </Data>
  </ExtendedData>
  <MultiGeometry>
    <Polygon>
      <outerBoundaryIs>
        <LinearRing>
          <coordinates>77.59434995724877,11.286013949427037 77.59435076894849,11.286104294495347 77.59425923560669,11.28610509564885 77.59425842393391,11.286014750571557 77.59434995724877,11.286013949427037 </coordinates>
        </LinearRing>
      </outerBoundaryIs>
    </Polygon>
    <Polygon>
      <outerBoundaryIs>
        <LinearRing>
          <coordinates>77.59434995724877,11.286013949427037 77.59434833386727,11.285833259290417 77.59443986711925,11.28583245812793 77.59444149055463,11.286013148255568 77.59434995724877,11.286013949427037 </coordinates>
        </LinearRing>
      </outerBoundaryIs>
    </Polygon>
  </MultiGeometry>
</Placemark><Placemark>
  <ExtendedData>
    <Data name='count'>
      <value>3</value>
    </Data>
    <Data name='system:index'>
      <value>+8327+5119</value>
    </Data>
    <Data name='health_score'>
      <value>-55</value>
    </Data>
  </ExtendedData>
  <Polygon>
    <outerBoundaryIs>
      <LinearRing>
        <coordinates>77.59425517732366,11.285653370271366 77.59443824371081,11.285651768000292 77.59443986711925,11.28583245812793 77.59434833386727,11.285833259290417 77.59434752218552,11.285742914222105 77.5942559889605,11.285743715348659 77.59425517732366,11.285653370271366 </coordinates>
      </LinearRing>
    </outerBoundaryIs>
  </Polygon>
</Placemark><Placemark>
  <ExtendedData>
    <Data name='count'>
      <value>3</value>
    </Data>
    <Data name='system:index'>
      <value>+8327+5120</value>
    </Data>
    <Data name='health_score'>
      <value>-56</value>
    </Data>
  </ExtendedData>
  <Polygon>
    <outerBoundaryIs>
      <LinearRing>
        <coordinates>77.59416283250671,11.285563826275709 77.59443743202007,11.285561422940965 77.59443824371081,11.285651768000292 77.5941636441166,11.285654171361987 77.59416283250671,11.285563826275709 </coordinates>
      </LinearRing>
    </outerBoundaryIs>
  </Polygon>
</Placemark><Placemark>
  <ExtendedData>
    <Data name='count'>
      <value>1</value>
    </Data>
    <Data name='system:index'>
      <value>+8327+5121</value>
    </Data>
    <Data name='health_score'>
      <value>-58</value>
    </Data>
  </ExtendedData>
  <Polygon>
    <outerBoundaryIs>
      <LinearRing>
        <coordinates>77.59434508719414,11.285471879008192 77.59443662032933,11.285471077872655 77.59443743202007,11.285561422940965 77.59434589884896,11.285562224076502 77.59434508719414,11.285471879008192 </coordinates>
      </LinearRing>
    </outerBoundaryIs>
  </Polygon>
</Placemark><Placemark>
  <ExtendedData>
    <Data name='count'>
      <value>1</value>
    </Data>
    <Data name='system:index'>
      <value>+8327+5123</value>
    </Data>
    <Data name='health_score'>
      <value>-58</value>
    </Data>
  </ExtendedData>
  <Polygon>
    <outerBoundaryIs>
      <LinearRing>
        <coordinates>77.59434346390249,11.285291188862587 77.5944349969748,11.285290387736033 77.59443580864757,11.285380732804343 77.59434427553934,11.285381533930897 77.59434346390249,11.285291188862587 </coordinates>
      </LinearRing>
    </outerBoundaryIs>
  </Polygon>
</Placemark><Placemark>
  <ExtendedData>
    <Data name='count'>
      <value>1</value>
    </Data>
    <Data name='system:index'>
      <value>+8327+5124</value>
    </Data>
    <Data name='health_score'>
      <value>-63</value>
    </Data>
  </ExtendedData>
  <Polygon>
    <outerBoundaryIs>
      <LinearRing>
        <coordinates>77.59434265226565,11.285200843785294 77.594434185311,11.285200042667723 77.5944349969748,11.285290387736033 77.59434346390249,11.285291188862587 77.59434265226565,11.285200843785294 </coordinates>
      </LinearRing>
    </outerBoundaryIs>
  </Polygon>
</Placemark><Placemark>
  <ExtendedData>
    <Data name='count'>
      <value>2</value>
    </Data>
    <Data name='system:index'>
      <value>+8327+5125</value>
    </Data>
    <Data name='health_score'>
      <value>-65</value>
    </Data>
  </ExtendedData>
  <Polygon>
    <outerBoundaryIs>
      <LinearRing>
        <coordinates>77.59425030760141,11.285111299789637 77.5944333736562,11.285109697599413 77.594434185311,11.285200042667723 77.59425111920233,11.285201644866932 77.59425030760141,11.285111299789637 </coordinates>
      </LinearRing>
    </outerBoundaryIs>
  </Polygon>
</Placemark><Placemark>
  <ExtendedData>
    <Data name='count'>
      <value>2</value>
    </Data>
    <Data name='system:index'>
      <value>+8327+5127</value>
    </Data>
    <Data name='health_score'>
      <value>-71</value>
    </Data>
  </ExtendedData>
  <MultiGeometry>
    <Polygon>
      <outerBoundaryIs>
        <LinearRing>
          <coordinates>77.59434102900994,11.285020153630706 77.59434184062881,11.285110498708 77.59425030760141,11.285111299789637 77.5942494960095,11.285020954703361 77.59434102900994,11.285020153630706 </coordinates>
        </LinearRing>
      </outerBoundaryIs>
    </Polygon>
    <Polygon>
      <outerBoundaryIs>
        <LinearRing>
          <coordinates>77.59434102900994,11.285020153630706 77.59434021739105,11.284929808562396 77.59443175035557,11.284929007462791 77.59443256200139,11.285019352531103 77.59434102900994,11.285020153630706 </coordinates>
        </LinearRing>
      </outerBoundaryIs>
    </Polygon>
  </MultiGeometry>
</Placemark><Placemark>
  <ExtendedData>
    <Data name='count'>
      <value>1</value>
    </Data>
    <Data name='system:index'>
      <value>+8327+5128</value>
    </Data>
    <Data name='health_score'>
      <value>-66</value>
    </Data>
  </ExtendedData>
  <Polygon>
    <outerBoundaryIs>
      <LinearRing>
        <coordinates>77.59433940578117,11.284839463485103 77.59443093871873,11.284838662394481 77.59443175035557,11.284929007462791 77.59434021739105,11.284929808562396 77.59433940578117,11.284839463485103 </coordinates>
      </LinearRing>
    </outerBoundaryIs>
  </Polygon>
</Placemark><Placemark>
  <ExtendedData>
    <Data name='count'>
      <value>1</value>
    </Data>
    <Data name='system:index'>
      <value>+8327+5132</value>
    </Data>
    <Data name='health_score'>
      <value>-60</value>
    </Data>
  </ExtendedData>
  <Polygon>
    <outerBoundaryIs>
      <LinearRing>
        <coordinates>77.59433615941346,11.284478083166945 77.59442769223423,11.284477282103273 77.59442850384413,11.284567627180568 77.5943369709964,11.284568428244238 77.59433615941346,11.284478083166945 </coordinates>
      </LinearRing>
    </outerBoundaryIs>
  </Polygon>
</Placemark><Placemark>
  <ExtendedData>
    <Data name='count'>
      <value>2</value>
    </Data>
    <Data name='system:index'>
      <value>+8327+5133</value>
    </Data>
    <Data name='health_score'>
      <value>-63</value>
    </Data>
  </ExtendedData>
  <MultiGeometry>
    <Polygon>
      <outerBoundaryIs>
        <LinearRing>
          <coordinates>77.59442769223423,11.284477282103273 77.59451922504603,11.284476481021636 77.59452003668288,11.284566826080964 77.59442850384413,11.284567627180568 77.59442769223423,11.284477282103273 </coordinates>
        </LinearRing>
      </outerBoundaryIs>
    </Polygon>
    <Polygon>
      <outerBoundaryIs>
        <LinearRing>
          <coordinates>77.59442769223423,11.284477282103273 77.59433615941346,11.284478083166945 77.5943353478395,11.284387738089652 77.59442688063332,11.284386937034963 77.59442769223423,11.284477282103273 </coordinates>
        </LinearRing>
      </outerBoundaryIs>
    </Polygon>
  </MultiGeometry>
</Placemark><Placemark>
  <ExtendedData>
    <Data name='count'>
      <value>2</value>
    </Data>
    <Data name='system:index'>
      <value>+8327+5134</value>
    </Data>
    <Data name='health_score'>
      <value>-62</value>
    </Data>
  </ExtendedData>
  <MultiGeometry>
    <Polygon>
      <outerBoundaryIs>
        <LinearRing>
          <coordinates>77.5943353478395,11.284387738089652 77.59433615941346,11.284478083166945 77.5942446265837,11.284478884203667 77.59424381503669,11.28438853911739 77.5943353478395,11.284387738089652 </coordinates>
        </LinearRing>
      </outerBoundaryIs>
    </Polygon>
    <Polygon>
      <outerBoundaryIs>
        <LinearRing>
          <coordinates>77.5943353478395,11.284387738089652 77.59433453626554,11.284297393012357 77.59442606903242,11.28429659195767 77.59442688063332,11.284386937034963 77.5943353478395,11.284387738089652 </coordinates>
        </LinearRing>
      </outerBoundaryIs>
    </Polygon>
  </MultiGeometry>
</Placemark><Placemark>
  <ExtendedData>
    <Data name='count'>
      <value>2</value>
    </Data>
    <Data name='system:index'>
      <value>+8327+5135</value>
    </Data>
    <Data name='health_score'>
      <value>-61</value>
    </Data>
  </ExtendedData>
  <Polygon>
    <outerBoundaryIs>
      <LinearRing>
        <coordinates>77.59424219196961,11.284207848944837 77.59442525744049,11.28420624688936 77.59442606903242,11.28429659195767 77.59424300349866,11.284298194031113 77.59424219196961,11.284207848944837 </coordinates>
      </LinearRing>
    </outerBoundaryIs>
  </Polygon>
</Placemark><Placemark>
  <ExtendedData>
    <Data name='count'>
      <value>1</value>
    </Data>
    <Data name='system:index'>
      <value>+8327+5136</value>
    </Data>
    <Data name='health_score'>
      <value>-64</value>
    </Data>
  </ExtendedData>
  <Polygon>
    <outerBoundaryIs>
      <LinearRing>
        <coordinates>77.59433291315355,11.284116702848788 77.59442444585754,11.284115901812065 77.59442525744049,11.28420624688936 77.59433372470954,11.284207047926081 77.59433291315355,11.284116702848788 </coordinates>
      </LinearRing>
    </outerBoundaryIs>
  </Polygon>
</Placemark><Placemark>
  <ExtendedData>
    <Data name='count'>
      <value>5</value>
    </Data>
    <Data name='system:index'>
      <value>+8327+5137</value>
    </Data>
    <Data name='health_score'>
      <value>-65</value>
    </Data>
  </ExtendedData>
  <MultiGeometry>
    <Polygon>
      <outerBoundaryIs>
        <LinearRing>
          <coordinates>77.59442444585754,11.284115901812065 77.59451597856155,11.284115100748394 77.59451760179032,11.284295790885015 77.59442606903242,11.28429659195767 77.59442444585754,11.284115901812065 </coordinates>
        </LinearRing>
      </outerBoundaryIs>
    </Polygon>
    <Polygon>
      <outerBoundaryIs>
        <LinearRing>
          <coordinates>77.59442444585754,11.284115901812065 77.59433291315355,11.284116702848788 77.59433372470954,11.284207047926081 77.59424219196961,11.284207848944837 77.59424056892051,11.2840271587633 77.59442363428359,11.284025556734772 77.59442444585754,11.284115901812065 </coordinates>
        </LinearRing>
      </outerBoundaryIs>
    </Polygon>
  </MultiGeometry>
</Placemark><Placemark>
  <ExtendedData>
    <Data name='count'>
      <value>2</value>
    </Data>
    <Data name='system:index'>
      <value>+8328+5113</value>
    </Data>
    <Data name='health_score'>
      <value>-50</value>
    </Data>
  </ExtendedData>
  <MultiGeometry>
    <Polygon>
      <outerBoundaryIs>
        <LinearRing>
          <coordinates>77.5944439257616,11.286284183442532 77.59444473750624,11.28637452850186 77.59435320408359,11.28637532970028 77.5943523923659,11.286284984631969 77.5944439257616,11.286284183442532 </coordinates>
        </LinearRing>
      </outerBoundaryIs>
    </Polygon>
    <Polygon>
      <outerBoundaryIs>
        <LinearRing>
          <coordinates>77.5944439257616,11.286284183442532 77.59444311401695,11.286193838383205 77.59453464736775,11.28619303716682 77.59453545913934,11.286283382217164 77.5944439257616,11.286284183442532 </coordinates>
        </LinearRing>
      </outerBoundaryIs>
    </Polygon>
  </MultiGeometry>
</Placemark><Placemark>
  <ExtendedData>
    <Data name='count'>
      <value>1</value>
    </Data>
    <Data name='system:index'>
      <value>+8328+5114</value>
    </Data>
    <Data name='health_score'>
      <value>-53</value>
    </Data>
  </ExtendedData>
  <Polygon>
    <outerBoundaryIs>
      <LinearRing>
        <coordinates>77.59444230228131,11.286103493314895 77.59453383560513,11.286102692107493 77.59453464736775,11.28619303716682 77.59444311401695,11.286193838383205 77.59444230228131,11.286103493314895 </coordinates>
      </LinearRing>
    </outerBoundaryIs>
  </Polygon>
</Placemark><Placemark>
  <ExtendedData>
    <Data name='count'>
      <value>3</value>
    </Data>
    <Data name='system:index'>
      <value>+8328+5115</value>
    </Data>
    <Data name='health_score'>
      <value>-54</value>
    </Data>
  </ExtendedData>
  <MultiGeometry>
    <Polygon>
      <outerBoundaryIs>
        <LinearRing>
          <coordinates>77.59453383560513,11.286102692107493 77.59471690224383,11.28610108961184 77.59471771406034,11.286191434653201 77.59453464736775,11.28619303716682 77.59453383560513,11.286102692107493 </coordinates>
        </LinearRing>
      </outerBoundaryIs>
    </Polygon>
    <Polygon>
      <outerBoundaryIs>
        <LinearRing>
          <coordinates>77.59453383560513,11.286102692107493 77.59444230228131,11.286103493314895 77.59444149055463,11.286013148255568 77.59453302385151,11.286012347057149 77.59453383560513,11.286102692107493 </coordinates>
        </LinearRing>
      </outerBoundaryIs>
    </Polygon>
  </MultiGeometry>
</Placemark><Placemark>
  <ExtendedData>
    <Data name='count'>
      <value>1</value>
    </Data>
    <Data name='system:index'>
      <value>+8328+5116</value>
    </Data>
    <Data name='health_score'>
      <value>-55</value>
    </Data>
  </ExtendedData>
  <Polygon>
    <outerBoundaryIs>
      <LinearRing>
        <coordinates>77.59444067882795,11.28592280319624 77.59453221209789,11.285922001997822 77.59453302385151,11.286012347057149 77.59444149055463,11.286013148255568 77.59444067882795,11.28592280319624 </coordinates>
      </LinearRing>
    </outerBoundaryIs>
  </Polygon>
</Placemark><Placemark>
  <ExtendedData>
    <Data name='count'>
      <value>8</value>
    </Data>
    <Data name='system:index'>
      <value>+8328+5119</value>
    </Data>
    <Data name='health_score'>
      <value>-58</value>
    </Data>
  </ExtendedData>
  <MultiGeometry>
    <Polygon>
      <outerBoundaryIs>
        <LinearRing>
          <coordinates>77.59453058862658,11.28574131188815 77.59443905541055,11.285742113068602 77.59443824371081,11.285651768000292 77.59452977689092,11.285650966828824 77.59453058862658,11.28574131188815 </coordinates>
        </LinearRing>
      </outerBoundaryIs>
    </Polygon>
    <Polygon>
      <outerBoundaryIs>
        <LinearRing>
          <coordinates>77.59480762370625,11.28600994328223 77.59480681187178,11.285919598249851 77.59489834511476,11.285918796934652 77.59489915697618,11.28600914196703 77.59480762370625,11.28600994328223 </coordinates>
        </LinearRing>
      </outerBoundaryIs>
    </Polygon>
    <Polygon>
      <outerBoundaryIs>
        <LinearRing>
          <coordinates>77.59453140036223,11.285831656938495 77.59453221209789,11.285922001997822 77.59444067882795,11.28592280319624 77.59443986711925,11.28583245812793 77.59453140036223,11.285831656938495 </coordinates>
        </LinearRing>
      </outerBoundaryIs>
    </Polygon>
    <Polygon>
      <outerBoundaryIs>
        <LinearRing>
          <coordinates>77.59453058862658,11.28574131188815 77.59462212183364,11.285740510671765 77.59462293359624,11.285830855722109 77.59453140036223,11.285831656938495 77.59453058862658,11.28574131188815 </coordinates>
        </LinearRing>
      </outerBoundaryIs>
    </Polygon>
    <Polygon>
      <outerBoundaryIs>
        <LinearRing>
          <coordinates>77.59453221209789,11.285922001997822 77.59462374536783,11.285921200772453 77.59462293359624,11.285830855722109 77.59471446682126,11.285830054478774 77.59471609042733,11.28601074457048 77.59453302385151,11.286012347057149 77.59453221209789,11.285922001997822 </coordinates>
        </LinearRing>
      </outerBoundaryIs>
    </Polygon>
    <Polygon>
      <outerBoundaryIs>
        <LinearRing>
          <coordinates>77.59471609042733,11.28601074457048 77.59480762370625,11.28600994328223 77.5948084355497,11.286100288314607 77.59471690224383,11.28610108961184 77.59471609042733,11.28601074457048 </coordinates>
        </LinearRing>
      </outerBoundaryIs>
    </Polygon>
  </MultiGeometry>
</Placemark><Placemark>
  <ExtendedData>
    <Data name='count'>
      <value>1</value>
    </Data>
    <Data name='system:index'>
      <value>+8328+5120</value>
    </Data>
    <Data name='health_score'>
      <value>-61</value>
    </Data>
  </ExtendedData>
  <Polygon>
    <outerBoundaryIs>
      <LinearRing>
        <coordinates>77.59443743202007,11.285561422940965 77.59452896517323,11.285560621769495 77.59452977689092,11.285650966828824 77.59443824371081,11.285651768000292 77.59443743202007,11.285561422940965 </coordinates>
      </LinearRing>
    </outerBoundaryIs>
  </Polygon>
</Placemark><Placemark>
  <ExtendedData>
    <Data name='count'>
      <value>3</value>
    </Data>
    <Data name='system:index'>
      <value>+8328+5122</value>
    </Data>
    <Data name='health_score'>
      <value>-59</value>
    </Data>
  </ExtendedData>
  <Polygon>
    <outerBoundaryIs>
      <LinearRing>
        <coordinates>77.59434427553934,11.285381533930897 77.59452734174683,11.28537993165084 77.59452896517323,11.285560621769495 77.59443743202007,11.285561422940965 77.59443662032933,11.285471077872655 77.59434508719414,11.285471879008192 77.59434427553934,11.285381533930897 </coordinates>
      </LinearRing>
    </outerBoundaryIs>
  </Polygon>
</Placemark><Placemark>
  <ExtendedData>
    <Data name='count'>
      <value>2</value>
    </Data>
    <Data name='system:index'>
      <value>+8328+5123</value>
    </Data>
    <Data name='health_score'>
      <value>-60</value>
    </Data>
  </ExtendedData>
  <MultiGeometry>
    <Polygon>
      <outerBoundaryIs>
        <LinearRing>
          <coordinates>77.59452734174683,11.28537993165084 77.59461887483711,11.285379130470389 77.59461968658175,11.285469475520733 77.59452815345554,11.285470276710168 77.59452734174683,11.28537993165084 </coordinates>
        </LinearRing>
      </outerBoundaryIs>
    </Polygon>
    <Polygon>
      <outerBoundaryIs>
        <LinearRing>
          <coordinates>77.59452734174683,11.28537993165084 77.59443580864757,11.285380732804343 77.5944349969748,11.285290387736033 77.5945265300471,11.285289586591514 77.59452734174683,11.28537993165084 </coordinates>
        </LinearRing>
      </outerBoundaryIs>
    </Polygon>
  </MultiGeometry>
</Placemark><Placemark>
  <ExtendedData>
    <Data name='count'>
      <value>1</value>
    </Data>
    <Data name='system:index'>
      <value>+8328+5124</value>
    </Data>
    <Data name='health_score'>
      <value>-64</value>
    </Data>
  </ExtendedData>
  <Polygon>
    <outerBoundaryIs>
      <LinearRing>
        <coordinates>77.594434185311,11.285200042667723 77.59452571835637,11.285199241532187 77.5945265300471,11.285289586591514 77.5944349969748,11.285290387736033 77.594434185311,11.285200042667723 </coordinates>
      </LinearRing>
    </outerBoundaryIs>
  </Polygon>
</Placemark><Placemark>
  <ExtendedData>
    <Data name='count'>
      <value>1</value>
    </Data>
    <Data name='system:index'>
      <value>+8328+5125</value>
    </Data>
    <Data name='health_score'>
      <value>-67</value>
    </Data>
  </ExtendedData>
  <Polygon>
    <outerBoundaryIs>
      <LinearRing>
        <coordinates>77.5944333736562,11.285109697599413 77.59452490666563,11.285108896463877 77.59452571835637,11.285199241532187 77.594434185311,11.285200042667723 77.5944333736562,11.285109697599413 </coordinates>
      </LinearRing>
    </outerBoundaryIs>
  </Polygon>
</Placemark><Placemark>
  <ExtendedData>
    <Data name='count'>
      <value>1</value>
    </Data>
    <Data name='system:index'>
      <value>+8328+5127</value>
    </Data>
    <Data name='health_score'>
      <value>-70</value>
    </Data>
  </ExtendedData>
  <Polygon>
    <outerBoundaryIs>
      <LinearRing>
        <coordinates>77.59443175035557,11.284929007462791 77.59452328331109,11.28492820634522 77.59452409498387,11.28501855140455 77.59443256200139,11.285019352531103 77.59443175035557,11.284929007462791 </coordinates>
      </LinearRing>
    </outerBoundaryIs>
  </Polygon>
</Placemark><Placemark>
  <ExtendedData>
    <Data name='count'>
      <value>1</value>
    </Data>
    <Data name='system:index'>
      <value>+8328+5128</value>
    </Data>
    <Data name='health_score'>
      <value>-65</value>
    </Data>
  </ExtendedData>
  <Polygon>
    <outerBoundaryIs>
      <LinearRing>
        <coordinates>77.59443093871873,11.284838662394481 77.5945224716473,11.28483786127691 77.59452328331109,11.28492820634522 77.59443175035557,11.284929007462791 77.59443093871873,11.284838662394481 </coordinates>
      </LinearRing>
    </outerBoundaryIs>
  </Polygon>
</Placemark><Placemark>
  <ExtendedData>
    <Data name='count'>
      <value>1</value>
    </Data>
    <Data name='system:index'>
      <value>+8328+5133</value>
    </Data>
    <Data name='health_score'>
      <value>-65</value>
    </Data>
  </ExtendedData>
  <Polygon>
    <outerBoundaryIs>
      <LinearRing>
        <coordinates>77.59442688063332,11.284386937034963 77.59451841341817,11.284386135953325 77.59451922504603,11.284476481021636 77.59442769223423,11.284477282103273 77.59442688063332,11.284386937034963 </coordinates>
      </LinearRing>
    </outerBoundaryIs>
  </Polygon>
</Placemark><Placemark>
  <ExtendedData>
    <Data name='count'>
      <value>1</value>
    </Data>
    <Data name='system:index'>
      <value>+8328+5134</value>
    </Data>
    <Data name='health_score'>
      <value>-66</value>
    </Data>
  </ExtendedData>
  <Polygon>
    <outerBoundaryIs>
      <LinearRing>
        <coordinates>77.59442606903242,11.28429659195767 77.59451760179032,11.284295790885015 77.59451841341817,11.284386135953325 77.59442688063332,11.284386937034963 77.59442606903242,11.28429659195767 </coordinates>
      </LinearRing>
    </outerBoundaryIs>
  </Polygon>
</Placemark><Placemark>
  <ExtendedData>
    <Data name='count'>
      <value>1</value>
    </Data>
    <Data name='system:index'>
      <value>+8329+5112</value>
    </Data>
    <Data name='health_score'>
      <value>-46</value>
    </Data>
  </ExtendedData>
  <Polygon>
    <outerBoundaryIs>
      <LinearRing>
        <coordinates>77.59453545913934,11.286283382217164 77.59462699251706,11.286282580973829 77.59462780432459,11.28637292601519 77.5945362709199,11.28637372727649 77.59453545913934,11.286283382217164 </coordinates>
      </LinearRing>
    </outerBoundaryIs>
  </Polygon>
</Placemark><Placemark>
  <ExtendedData>
    <Data name='count'>
      <value>3</value>
    </Data>
    <Data name='system:index'>
      <value>+8329+5113</value>
    </Data>
    <Data name='health_score'>
      <value>-49</value>
    </Data>
  </ExtendedData>
  <MultiGeometry>
    <Polygon>
      <outerBoundaryIs>
        <LinearRing>
          <coordinates>77.59444473750624,11.28637452850186 77.59444554925986,11.286464873561187 77.59435401581027,11.28646567476859 77.59435320408359,11.28637532970028 77.59444473750624,11.28637452850186 </coordinates>
        </LinearRing>
      </outerBoundaryIs>
    </Polygon>
    <Polygon>
      <outerBoundaryIs>
        <LinearRing>
          <coordinates>77.59453545913934,11.286283382217164 77.59453464736775,11.28619303716682 77.59462618071854,11.286192235923485 77.59462699251706,11.286282580973829 77.59453545913934,11.286283382217164 </coordinates>
        </LinearRing>
      </outerBoundaryIs>
    </Polygon>
    <Polygon>
      <outerBoundaryIs>
        <LinearRing>
          <coordinates>77.59453545913934,11.286283382217164 77.5945362709199,11.28637372727649 77.59444473750624,11.28637452850186 77.5944439257616,11.286284183442532 77.59453545913934,11.286283382217164 </coordinates>
        </LinearRing>
      </outerBoundaryIs>
    </Polygon>
  </MultiGeometry>
</Placemark><Placemark>
  <ExtendedData>
    <Data name='count'>
      <value>1</value>
    </Data>
    <Data name='system:index'>
      <value>+8329+5119</value>
    </Data>
    <Data name='health_score'>
      <value>-60</value>
    </Data>
  </ExtendedData>
  <Polygon>
    <outerBoundaryIs>
      <LinearRing>
        <coordinates>77.59452977689092,11.285650966828824 77.59462131007102,11.285650165621421 77.59462212183364,11.285740510671765 77.59453058862658,11.28574131188815 77.59452977689092,11.285650966828824 </coordinates>
      </LinearRing>
    </outerBoundaryIs>
  </Polygon>
</Placemark><Placemark>
  <ExtendedData>
    <Data name='count'>
      <value>2</value>
    </Data>
    <Data name='system:index'>
      <value>+8329+5123</value>
    </Data>
    <Data name='health_score'>
      <value>-57</value>
    </Data>
  </ExtendedData>
  <MultiGeometry>
    <Polygon>
      <outerBoundaryIs>
        <LinearRing>
          <coordinates>77.59461887483711,11.285379130470389 77.59471040792738,11.285378329254003 77.59471121968998,11.285468674304347 77.59461968658175,11.285469475520733 77.59461887483711,11.285379130470389 </coordinates>
        </LinearRing>
      </outerBoundaryIs>
    </Polygon>
    <Polygon>
      <outerBoundaryIs>
        <LinearRing>
          <coordinates>77.59461887483711,11.285379130470389 77.59452734174683,11.28537993165084 77.5945265300471,11.285289586591514 77.59461806311043,11.285288785411062 77.59461887483711,11.285379130470389 </coordinates>
        </LinearRing>
      </outerBoundaryIs>
    </Polygon>
  </MultiGeometry>
</Placemark><Placemark>
  <ExtendedData>
    <Data name='count'>
      <value>1</value>
    </Data>
    <Data name='system:index'>
      <value>+8329+5124</value>
    </Data>
    <Data name='health_score'>
      <value>-61</value>
    </Data>
  </ExtendedData>
  <Polygon>
    <outerBoundaryIs>
      <LinearRing>
        <coordinates>77.59452571835637,11.285199241532187 77.59461725138375,11.285198440360718 77.59461806311043,11.285288785411062 77.5945265300471,11.285289586591514 77.59452571835637,11.285199241532187 </coordinates>
      </LinearRing>
    </outerBoundaryIs>
  </Polygon>
</Placemark><Placemark>
  <ExtendedData>
    <Data name='count'>
      <value>3</value>
    </Data>
    <Data name='system:index'>
      <value>+8329+5126</value>
    </Data>
    <Data name='health_score'>
      <value>-69</value>
    </Data>
  </ExtendedData>
  <Polygon>
    <outerBoundaryIs>
      <LinearRing>
        <coordinates>77.59434102900994,11.285020153630706 77.59461562796635,11.285017750251045 77.59461643967505,11.28510809530139 77.59434184062881,11.285110498708 77.59434102900994,11.285020153630706 </coordinates>
      </LinearRing>
    </outerBoundaryIs>
  </Polygon>
</Placemark><Placemark>
  <ExtendedData>
    <Data name='count'>
      <value>1</value>
    </Data>
    <Data name='system:index'>
      <value>+8329+5127</value>
    </Data>
    <Data name='health_score'>
      <value>-68</value>
    </Data>
  </ExtendedData>
  <Polygon>
    <outerBoundaryIs>
      <LinearRing>
        <coordinates>77.59452328331109,11.28492820634522 77.59461481625763,11.284927405191718 77.59461562796635,11.285017750251045 77.59452409498387,11.28501855140455 77.59452328331109,11.28492820634522 </coordinates>
      </LinearRing>
    </outerBoundaryIs>
  </Polygon>
</Placemark><Placemark>
  <ExtendedData>
    <Data name='count'>
      <value>1</value>
    </Data>
    <Data name='system:index'>
      <value>+8329+5128</value>
    </Data>
    <Data name='health_score'>
      <value>-64</value>
    </Data>
  </ExtendedData>
  <Polygon>
    <outerBoundaryIs>
      <LinearRing>
        <coordinates>77.5945224716473,11.28483786127691 77.59461400456689,11.284837060132391 77.59461481625763,11.284927405191718 77.59452328331109,11.28492820634522 77.5945224716473,11.28483786127691 </coordinates>
      </LinearRing>
    </outerBoundaryIs>
  </Polygon>
</Placemark><Placemark>
  <ExtendedData>
    <Data name='count'>
      <value>7</value>
    </Data>
    <Data name='system:index'>
      <value>+8329+5131</value>
    </Data>
    <Data name='health_score'>
      <value>-60</value>
    </Data>
  </ExtendedData>
  <MultiGeometry>
    <Polygon>
      <outerBoundaryIs>
        <LinearRing>
          <coordinates>77.59424706126964,11.284749919453514 77.59424787284361,11.28484026453979 77.59406480693255,11.284841866577302 77.59406399542148,11.284751521482042 77.59424706126964,11.284749919453514 </coordinates>
        </LinearRing>
      </outerBoundaryIs>
    </Polygon>
    <Polygon>
      <outerBoundaryIs>
        <LinearRing>
          <coordinates>77.59424706126964,11.284749919453514 77.59424624969569,11.28465957437622 77.5945208483287,11.284657171149274 77.59452003668288,11.284566826080964 77.59461156952162,11.284566024963393 77.59461319287615,11.284746715073064 77.59424706126964,11.284749919453514 </coordinates>
        </LinearRing>
      </outerBoundaryIs>
    </Polygon>
  </MultiGeometry>
</Placemark><Placemark>
  <ExtendedData>
    <Data name='count'>
      <value>3</value>
    </Data>
    <Data name='system:index'>
      <value>+8329+5132</value>
    </Data>
    <Data name='health_score'>
      <value>-61</value>
    </Data>
  </ExtendedData>
  <MultiGeometry>
    <Polygon>
      <outerBoundaryIs>
        <LinearRing>
          <coordinates>77.59461156952162,11.284566024963393 77.59479463517216,11.284564422629437 77.59479544689883,11.284654767670798 77.5946123811944,11.28465637002272 77.59461156952162,11.284566024963393 </coordinates>
        </LinearRing>
      </outerBoundaryIs>
    </Polygon>
    <Polygon>
      <outerBoundaryIs>
        <LinearRing>
          <coordinates>77.59461156952162,11.284566024963393 77.59452003668288,11.284566826080964 77.59451922504603,11.284476481021636 77.59461075784884,11.284475679904066 77.59461156952162,11.284566024963393 </coordinates>
        </LinearRing>
      </outerBoundaryIs>
    </Polygon>
  </MultiGeometry>
</Placemark><Placemark>
  <ExtendedData>
    <Data name='count'>
      <value>1</value>
    </Data>
    <Data name='system:index'>
      <value>+8329+5133</value>
    </Data>
    <Data name='health_score'>
      <value>-64</value>
    </Data>
  </ExtendedData>
  <Polygon>
    <outerBoundaryIs>
      <LinearRing>
        <coordinates>77.59451841341817,11.284386135953325 77.59460994619404,11.284385334844739 77.59461075784884,11.284475679904066 77.59451922504603,11.284476481021636 77.59451841341817,11.284386135953325 </coordinates>
      </LinearRing>
    </outerBoundaryIs>
  </Polygon>
</Placemark><Placemark>
  <ExtendedData>
    <Data name='count'>
      <value>1</value>
    </Data>
    <Data name='system:index'>
      <value>+8329+5134</value>
    </Data>
    <Data name='health_score'>
      <value>-68</value>
    </Data>
  </ExtendedData>
  <Polygon>
    <outerBoundaryIs>
      <LinearRing>
        <coordinates>77.59451760179032,11.284295790885015 77.59460913453923,11.284294989776427 77.59460994619404,11.284385334844739 77.59451841341817,11.284386135953325 77.59451760179032,11.284295790885015 </coordinates>
      </LinearRing>
    </outerBoundaryIs>
  </Polygon>
</Placemark><Placemark>
  <ExtendedData>
    <Data name='count'>
      <value>1</value>
    </Data>
    <Data name='system:index'>
      <value>+8329+5135</value>
    </Data>
    <Data name='health_score'>
      <value>-64</value>
    </Data>
  </ExtendedData>
  <Polygon>
    <outerBoundaryIs>
      <LinearRing>
        <coordinates>77.59451679017144,11.284205445816704 77.59460832289341,11.2842046447171 77.59460913453923,11.284294989776427 77.59451760179032,11.284295790885015 77.59451679017144,11.284205445816704 </coordinates>
      </LinearRing>
    </outerBoundaryIs>
  </Polygon>
</Placemark><Placemark>
  <ExtendedData>
    <Data name='count'>
      <value>1</value>
    </Data>
    <Data name='system:index'>
      <value>+8329+5136</value>
    </Data>
    <Data name='health_score'>
      <value>-56</value>
    </Data>
  </ExtendedData>
  <Polygon>
    <outerBoundaryIs>
      <LinearRing>
        <coordinates>77.59451597856155,11.284115100748394 77.59460751125656,11.284114299657773 77.59460832289341,11.2842046447171 77.59451679017144,11.284205445816704 77.59451597856155,11.284115100748394 </coordinates>
      </LinearRing>
    </outerBoundaryIs>
  </Polygon>
</Placemark><Placemark>
  <ExtendedData>
    <Data name='count'>
      <value>1</value>
    </Data>
    <Data name='system:index'>
      <value>+8330+5112</value>
    </Data>
    <Data name='health_score'>
      <value>-47</value>
    </Data>
  </ExtendedData>
  <Polygon>
    <outerBoundaryIs>
      <LinearRing>
        <coordinates>77.59462699251706,11.286282580973829 77.5947185258948,11.286281779694562 77.59471933772927,11.286372124735923 77.59462780432459,11.28637292601519 77.59462699251706,11.286282580973829 </coordinates>
      </LinearRing>
    </outerBoundaryIs>
  </Polygon>
</Placemark><Placemark>
  <ExtendedData>
    <Data name='count'>
      <value>2</value>
    </Data>
    <Data name='system:index'>
      <value>+8330+5113</value>
    </Data>
    <Data name='health_score'>
      <value>-50</value>
    </Data>
  </ExtendedData>
  <MultiGeometry>
    <Polygon>
      <outerBoundaryIs>
        <LinearRing>
          <coordinates>77.5947185258948,11.286281779694562 77.59481005925457,11.286280978388346 77.594810871116,11.286371323420724 77.59471933772927,11.286372124735923 77.5947185258948,11.286281779694562 </coordinates>
        </LinearRing>
      </outerBoundaryIs>
    </Polygon>
    <Polygon>
      <outerBoundaryIs>
        <LinearRing>
          <coordinates>77.5947185258948,11.286281779694562 77.59462699251706,11.286282580973829 77.59462618071854,11.286192235923485 77.59471771406034,11.286191434653201 77.5947185258948,11.286281779694562 </coordinates>
        </LinearRing>
      </outerBoundaryIs>
    </Polygon>
  </MultiGeometry>
</Placemark><Placemark>
  <ExtendedData>
    <Data name='count'>
      <value>2</value>
    </Data>
    <Data name='system:index'>
      <value>+8330+5115</value>
    </Data>
    <Data name='health_score'>
      <value>-57</value>
    </Data>
  </ExtendedData>
  <Polygon>
    <outerBoundaryIs>
      <LinearRing>
        <coordinates>77.59453302385151,11.286012347057149 77.59471609042733,11.28601074457048 77.59471690224383,11.28610108961184 77.59453383560513,11.286102692107493 77.59453302385151,11.286012347057149 </coordinates>
      </LinearRing>
    </outerBoundaryIs>
  </Polygon>
</Placemark><Placemark>
  <ExtendedData>
    <Data name='count'>
      <value>1</value>
    </Data>
    <Data name='system:index'>
      <value>+8330+5121</value>
    </Data>
    <Data name='health_score'>
      <value>-62</value>
    </Data>
  </ExtendedData>
  <Polygon>
    <outerBoundaryIs>
      <LinearRing>
        <coordinates>77.59461968658175,11.285469475520733 77.59471121968998,11.285468674304347 77.59471203146157,11.285559019345708 77.5946204983174,11.285559820571077 77.59461968658175,11.285469475520733 </coordinates>
      </LinearRing>
    </outerBoundaryIs>
  </Polygon>
</Placemark><Placemark>
  <ExtendedData>
    <Data name='count'>
      <value>1</value>
    </Data>
    <Data name='system:index'>
      <value>+8330+5123</value>
    </Data>
    <Data name='health_score'>
      <value>-56</value>
    </Data>
  </ExtendedData>
  <Polygon>
    <outerBoundaryIs>
      <LinearRing>
        <coordinates>77.59461806311043,11.285288785411062 77.59470959616478,11.28528798420366 77.59471040792738,11.285378329254003 77.59461887483711,11.285379130470389 77.59461806311043,11.285288785411062 </coordinates>
      </LinearRing>
    </outerBoundaryIs>
  </Polygon>
</Placemark><Placemark>
  <ExtendedData>
    <Data name='count'>
      <value>1</value>
    </Data>
    <Data name='system:index'>
      <value>+8330+5124</value>
    </Data>
    <Data name='health_score'>
      <value>-58</value>
    </Data>
  </ExtendedData>
  <Polygon>
    <outerBoundaryIs>
      <LinearRing>
        <coordinates>77.59461725138375,11.285198440360718 77.59470878442013,11.285197639162298 77.59470959616478,11.28528798420366 77.59461806311043,11.285288785411062 77.59461725138375,11.285198440360718 </coordinates>
      </LinearRing>
    </outerBoundaryIs>
  </Polygon>
</Placemark><Placemark>
  <ExtendedData>
    <Data name='count'>
      <value>1</value>
    </Data>
    <Data name='system:index'>
      <value>+8330+5125</value>
    </Data>
    <Data name='health_score'>
      <value>-64</value>
    </Data>
  </ExtendedData>
  <Polygon>
    <outerBoundaryIs>
      <LinearRing>
        <coordinates>77.59461643967505,11.28510809530139 77.5947079726755,11.285107294111954 77.59470878442013,11.285197639162298 77.59461725138375,11.285198440360718 77.59461643967505,11.28510809530139 </coordinates>
      </LinearRing>
    </outerBoundaryIs>
  </Polygon>
</Placemark><Placemark>
  <ExtendedData>
    <Data name='count'>
      <value>2</value>
    </Data>
    <Data name='system:index'>
      <value>+8330+5126</value>
    </Data>
    <Data name='health_score'>
      <value>-65</value>
    </Data>
  </ExtendedData>
  <MultiGeometry>
    <Polygon>
      <outerBoundaryIs>
        <LinearRing>
          <coordinates>77.59461643967505,11.28510809530139 77.59461725138375,11.285198440360718 77.59452571835637,11.285199241532187 77.59452490666563,11.285108896463877 77.59461643967505,11.28510809530139 </coordinates>
        </LinearRing>
      </outerBoundaryIs>
    </Polygon>
    <Polygon>
      <outerBoundaryIs>
        <LinearRing>
          <coordinates>77.59461643967505,11.28510809530139 77.59461562796635,11.285017750251045 77.59470716093085,11.28501694906161 77.5947079726755,11.285107294111954 77.59461643967505,11.28510809530139 </coordinates>
        </LinearRing>
      </outerBoundaryIs>
    </Polygon>
  </MultiGeometry>
</Placemark><Placemark>
  <ExtendedData>
    <Data name='count'>
      <value>2</value>
    </Data>
    <Data name='system:index'>
      <value>+8330+5128</value>
    </Data>
    <Data name='health_score'>
      <value>-62</value>
    </Data>
  </ExtendedData>
  <Polygon>
    <outerBoundaryIs>
      <LinearRing>
        <coordinates>77.59461400456689,11.284837060132391 77.59470553747751,11.284836258960922 77.59470716093085,11.28501694906161 77.59461562796635,11.285017750251045 77.59461400456689,11.284837060132391 </coordinates>
      </LinearRing>
    </outerBoundaryIs>
  </Polygon>
</Placemark><Placemark>
  <ExtendedData>
    <Data name='count'>
      <value>1</value>
    </Data>
    <Data name='system:index'>
      <value>+8330+5133</value>
    </Data>
    <Data name='health_score'>
      <value>-63</value>
    </Data>
  </ExtendedData>
  <Polygon>
    <outerBoundaryIs>
      <LinearRing>
        <coordinates>77.59460994619404,11.284385334844739 77.59470147896091,11.284384533700218 77.59470229065165,11.284474878750562 77.59461075784884,11.284475679904066 77.59460994619404,11.284385334844739 </coordinates>
      </LinearRing>
    </outerBoundaryIs>
  </Polygon>
</Placemark><Placemark>
  <ExtendedData>
    <Data name='count'>
      <value>1</value>
    </Data>
    <Data name='system:index'>
      <value>+8330+5134</value>
    </Data>
    <Data name='health_score'>
      <value>-67</value>
    </Data>
  </ExtendedData>
  <Polygon>
    <outerBoundaryIs>
      <LinearRing>
        <coordinates>77.59460913453923,11.284294989776427 77.59470066727916,11.284294188649874 77.59470147896091,11.284384533700218 77.59460994619404,11.284385334844739 77.59460913453923,11.284294989776427 </coordinates>
      </LinearRing>
    </outerBoundaryIs>
  </Polygon>
</Placemark><Placemark>
  <ExtendedData>
    <Data name='count'>
      <value>1</value>
    </Data>
    <Data name='system:index'>
      <value>+8330+5135</value>
    </Data>
    <Data name='health_score'>
      <value>-65</value>
    </Data>
  </ExtendedData>
  <Polygon>
    <outerBoundaryIs>
      <LinearRing>
        <coordinates>77.59460832289341,11.2842046447171 77.59469985560638,11.284203843590547 77.59470066727916,11.284294188649874 77.59460913453923,11.284294989776427 77.59460832289341,11.2842046447171 </coordinates>
      </LinearRing>
    </outerBoundaryIs>
  </Polygon>
</Placemark><Placemark>
  <ExtendedData>
    <Data name='count'>
      <value>1</value>
    </Data>
    <Data name='system:index'>
      <value>+8330+5136</value>
    </Data>
    <Data name='health_score'>
      <value>-52</value>
    </Data>
  </ExtendedData>
  <Polygon>
    <outerBoundaryIs>
      <LinearRing>
        <coordinates>77.59460751125656,11.284114299657773 77.5946990439336,11.284113498540203 77.59469985560638,11.284203843590547 77.59460832289341,11.2842046447171 77.59460751125656,11.284114299657773 </coordinates>
      </LinearRing>
    </outerBoundaryIs>
  </Polygon>
</Placemark><Placemark>
  <ExtendedData>
    <Data name='count'>
      <value>1</value>
    </Data>
    <Data name='system:index'>
      <value>+8331+5113</value>
    </Data>
    <Data name='health_score'>
      <value>-52</value>
    </Data>
  </ExtendedData>
  <Polygon>
    <outerBoundaryIs>
      <LinearRing>
        <coordinates>77.59471771406034,11.286191434653201 77.59480924740214,11.286190633355968 77.59481005925457,11.286280978388346 77.5947185258948,11.286281779694562 77.59471771406034,11.286191434653201 </coordinates>
      </LinearRing>
    </outerBoundaryIs>
  </Polygon>
</Placemark><Placemark>
  <ExtendedData>
    <Data name='count'>
      <value>1</value>
    </Data>
    <Data name='system:index'>
      <value>+8331+5116</value>
    </Data>
    <Data name='health_score'>
      <value>-60</value>
    </Data>
  </ExtendedData>
  <Polygon>
    <outerBoundaryIs>
      <LinearRing>
        <coordinates>77.5947152786198,11.285920399529118 77.59480681187178,11.285919598249851 77.59480762370625,11.28600994328223 77.59471609042733,11.28601074457048 77.5947152786198,11.285920399529118 </coordinates>
      </LinearRing>
    </outerBoundaryIs>
  </Polygon>
</Placemark><Placemark>
  <ExtendedData>
    <Data name='count'>
      <value>1</value>
    </Data>
    <Data name='system:index'>
      <value>+8331+5117</value>
    </Data>
    <Data name='health_score'>
      <value>-61</value>
    </Data>
  </ExtendedData>
  <Polygon>
    <outerBoundaryIs>
      <LinearRing>
        <coordinates>77.59471446682126,11.285830054478774 77.59480600004628,11.28582925320849 77.59480681187178,11.285919598249851 77.5947152786198,11.285920399529118 77.59471446682126,11.285830054478774 </coordinates>
      </LinearRing>
    </outerBoundaryIs>
  </Polygon>
</Placemark><Placemark>
  <ExtendedData>
    <Data name='count'>
      <value>8</value>
    </Data>
    <Data name='system:index'>
      <value>+8331+5118</value>
    </Data>
    <Data name='health_score'>
      <value>-59</value>
    </Data>
  </ExtendedData>
  <MultiGeometry>
    <Polygon>
      <outerBoundaryIs>
        <LinearRing>
          <coordinates>77.59453140036223,11.285831656938495 77.59443986711925,11.28583245812793 77.59443905541055,11.285742113068602 77.59453058862658,11.28574131188815 77.59453140036223,11.285831656938495 </coordinates>
        </LinearRing>
      </outerBoundaryIs>
    </Polygon>
    <Polygon>
      <outerBoundaryIs>
        <LinearRing>
          <coordinates>77.59489834511476,11.285918796934652 77.59498987834876,11.285917995601485 77.59498906646039,11.285827650578092 77.59508059966744,11.285826849217976 77.59508222349808,11.286007539255783 77.59489915697618,11.28600914196703 77.59489834511476,11.285918796934652 </coordinates>
        </LinearRing>
      </outerBoundaryIs>
    </Polygon>
    <Polygon>
      <outerBoundaryIs>
        <LinearRing>
          <coordinates>77.59453140036223,11.285831656938495 77.59462293359624,11.285830855722109 77.59462374536783,11.285921200772453 77.59453221209789,11.285922001997822 77.59453140036223,11.285831656938495 </coordinates>
        </LinearRing>
      </outerBoundaryIs>
    </Polygon>
    <Polygon>
      <outerBoundaryIs>
        <LinearRing>
          <coordinates>77.59480600004628,11.28582925320849 77.59462293359624,11.285830855722109 77.59462212183364,11.285740510671765 77.59480518822079,11.28573890816713 77.59480600004628,11.28582925320849 </coordinates>
        </LinearRing>
      </outerBoundaryIs>
    </Polygon>
    <Polygon>
      <outerBoundaryIs>
        <LinearRing>
          <coordinates>77.59480600004628,11.28582925320849 77.59489753325333,11.285828451911257 77.59489834511476,11.285918796934652 77.59480681187178,11.285919598249851 77.59480600004628,11.28582925320849 </coordinates>
        </LinearRing>
      </outerBoundaryIs>
    </Polygon>
  </MultiGeometry>
</Placemark><Placemark>
  <ExtendedData>
    <Data name='count'>
      <value>2</value>
    </Data>
    <Data name='system:index'>
      <value>+8331+5119</value>
    </Data>
    <Data name='health_score'>
      <value>-61</value>
    </Data>
  </ExtendedData>
  <Polygon>
    <outerBoundaryIs>
      <LinearRing>
        <coordinates>77.59462131007102,11.285650165621421 77.59480437640428,11.285648563134751 77.59480518822079,11.28573890816713 77.59462212183364,11.285740510671765 77.59462131007102,11.285650165621421 </coordinates>
      </LinearRing>
    </outerBoundaryIs>
  </Polygon>
</Placemark><Placemark>
  <ExtendedData>
    <Data name='count'>
      <value>1</value>
    </Data>
    <Data name='system:index'>
      <value>+8331+5120</value>
    </Data>
    <Data name='health_score'>
      <value>-65</value>
    </Data>
  </ExtendedData>
  <Polygon>
    <outerBoundaryIs>
      <LinearRing>
        <coordinates>77.59471203146157,11.285559019345708 77.59480356459676,11.28555821809339 77.59480437640428,11.285648563134751 77.59471284324215,11.285649364396052 77.59471203146157,11.285559019345708 </coordinates>
      </LinearRing>
    </outerBoundaryIs>
  </Polygon>
</Placemark><Placemark>
  <ExtendedData>
    <Data name='count'>
      <value>4</value>
    </Data>
    <Data name='system:index'>
      <value>+8331+5121</value>
    </Data>
    <Data name='health_score'>
      <value>-63</value>
    </Data>
  </ExtendedData>
  <MultiGeometry>
    <Polygon>
      <outerBoundaryIs>
        <LinearRing>
          <coordinates>77.59471203146157,11.285559019345708 77.59471284324215,11.285649364396052 77.59452977689092,11.285650966828824 77.59452815345554,11.285470276710168 77.59461968658175,11.285469475520733 77.5946204983174,11.285559820571077 77.59471203146157,11.285559019345708 </coordinates>
        </LinearRing>
      </outerBoundaryIs>
    </Polygon>
    <Polygon>
      <outerBoundaryIs>
        <LinearRing>
          <coordinates>77.59471203146157,11.285559019345708 77.59471121968998,11.285468674304347 77.59480275279823,11.28546787305203 77.59480356459676,11.28555821809339 77.59471203146157,11.285559019345708 </coordinates>
        </LinearRing>
      </outerBoundaryIs>
    </Polygon>
  </MultiGeometry>
</Placemark><Placemark>
  <ExtendedData>
    <Data name='count'>
      <value>1</value>
    </Data>
    <Data name='system:index'>
      <value>+8331+5122</value>
    </Data>
    <Data name='health_score'>
      <value>-59</value>
    </Data>
  </ExtendedData>
  <Polygon>
    <outerBoundaryIs>
      <LinearRing>
        <coordinates>77.59471040792738,11.285378329254003 77.59480194099969,11.285377528010669 77.59480275279823,11.28546787305203 77.59471121968998,11.285468674304347 77.59471040792738,11.285378329254003 </coordinates>
      </LinearRing>
    </outerBoundaryIs>
  </Polygon>
</Placemark><Placemark>
  <ExtendedData>
    <Data name='count'>
      <value>1</value>
    </Data>
    <Data name='system:index'>
      <value>+8331+5123</value>
    </Data>
    <Data name='health_score'>
      <value>-64</value>
    </Data>
  </ExtendedData>
  <Polygon>
    <outerBoundaryIs>
      <LinearRing>
        <coordinates>77.59470959616478,11.28528798420366 77.59480112921912,11.285287182969308 77.59480194099969,11.285377528010669 77.59471040792738,11.285378329254003 77.59470959616478,11.28528798420366 </coordinates>
      </LinearRing>
    </outerBoundaryIs>
  </Polygon>
</Placemark><Placemark>
  <ExtendedData>
    <Data name='count'>
      <value>1</value>
    </Data>
    <Data name='system:index'>
      <value>+8331+5124</value>
    </Data>
    <Data name='health_score'>
      <value>-62</value>
    </Data>
  </ExtendedData>
  <Polygon>
    <outerBoundaryIs>
      <LinearRing>
        <coordinates>77.59470878442013,11.285197639162298 77.59480031743854,11.28519683793693 77.59480112921912,11.285287182969308 77.59470959616478,11.28528798420366 77.59470878442013,11.285197639162298 </coordinates>
      </LinearRing>
    </outerBoundaryIs>
  </Polygon>
</Placemark><Placemark>
  <ExtendedData>
    <Data name='count'>
      <value>2</value>
    </Data>
    <Data name='system:index'>
      <value>+8331+5126</value>
    </Data>
    <Data name='health_score'>
      <value>-63</value>
    </Data>
  </ExtendedData>
  <Polygon>
    <outerBoundaryIs>
      <LinearRing>
        <coordinates>77.59470716093085,11.28501694906161 77.59479869389536,11.285016147845225 77.59480031743854,11.28519683793693 77.59470878442013,11.285197639162298 77.59470716093085,11.28501694906161 </coordinates>
      </LinearRing>
    </outerBoundaryIs>
  </Polygon>
</Placemark><Placemark>
  <ExtendedData>
    <Data name='count'>
      <value>1</value>
    </Data>
    <Data name='system:index'>
      <value>+8331+5127</value>
    </Data>
    <Data name='health_score'>
      <value>-60</value>
    </Data>
  </ExtendedData>
  <Polygon>
    <outerBoundaryIs>
      <LinearRing>
        <coordinates>77.59470634920417,11.284926604011266 77.59479788214173,11.284925802803864 77.59479869389536,11.285016147845225 77.59470716093085,11.28501694906161 77.59470634920417,11.284926604011266 </coordinates>
      </LinearRing>
    </outerBoundaryIs>
  </Polygon>
</Placemark><Placemark>
  <ExtendedData>
    <Data name='count'>
      <value>5</value>
    </Data>
    <Data name='system:index'>
      <value>+8331+5129</value>
    </Data>
    <Data name='health_score'>
      <value>-61</value>
    </Data>
  </ExtendedData>
  <Polygon>
    <outerBoundaryIs>
      <LinearRing>
        <coordinates>77.59443012708188,11.284748317326171 77.59479625864347,11.284745112721142 77.59479788214173,11.284925802803864 77.59470634920417,11.284926604011266 77.59470553747751,11.284836258960922 77.59443093871873,11.284838662394481 77.59443012708188,11.284748317326171 </coordinates>
      </LinearRing>
    </outerBoundaryIs>
  </Polygon>
</Placemark><Placemark>
  <ExtendedData>
    <Data name='count'>
      <value>2</value>
    </Data>
    <Data name='system:index'>
      <value>+8331+5130</value>
    </Data>
    <Data name='health_score'>
      <value>-59</value>
    </Data>
  </ExtendedData>
  <Polygon>
    <outerBoundaryIs>
      <LinearRing>
        <coordinates>77.5946123811944,11.28465637002272 77.59479544689883,11.284654767670798 77.59479625864347,11.284745112721142 77.59461319287615,11.284746715073064 77.5946123811944,11.28465637002272 </coordinates>
      </LinearRing>
    </outerBoundaryIs>
  </Polygon>
</Placemark><Placemark>
  <ExtendedData>
    <Data name='count'>
      <value>2</value>
    </Data>
    <Data name='system:index'>
      <value>+8331+5132</value>
    </Data>
    <Data name='health_score'>
      <value>-62</value>
    </Data>
  </ExtendedData>
  <Polygon>
    <outerBoundaryIs>
      <LinearRing>
        <coordinates>77.59461075784884,11.284475679904066 77.59479382344549,11.284474077579093 77.59479463517216,11.284564422629437 77.59461156952162,11.284566024963393 77.59461075784884,11.284475679904066 </coordinates>
      </LinearRing>
    </outerBoundaryIs>
  </Polygon>
</Placemark><Placemark>
  <ExtendedData>
    <Data name='count'>
      <value>1</value>
    </Data>
    <Data name='system:index'>
      <value>+8331+5133</value>
    </Data>
    <Data name='health_score'>
      <value>-64</value>
    </Data>
  </ExtendedData>
  <Polygon>
    <outerBoundaryIs>
      <LinearRing>
        <coordinates>77.59470147896091,11.284384533700218 77.5947930117278,11.284383732537732 77.59479382344549,11.284474077579093 77.59470229065165,11.284474878750562 77.59470147896091,11.284384533700218 </coordinates>
      </LinearRing>
    </outerBoundaryIs>
  </Polygon>
</Placemark><Placemark>
  <ExtendedData>
    <Data name='count'>
      <value>2</value>
    </Data>
    <Data name='system:index'>
      <value>+8331+5135</value>
    </Data>
    <Data name='health_score'>
      <value>-69</value>
    </Data>
  </ExtendedData>
  <Polygon>
    <outerBoundaryIs>
      <LinearRing>
        <coordinates>77.59469985560638,11.284203843590547 77.59479138831038,11.284203042437044 77.5947930117278,11.284383732537732 77.59470147896091,11.284384533700218 77.59469985560638,11.284203843590547 </coordinates>
      </LinearRing>
    </outerBoundaryIs>
  </Polygon>
</Placemark><Placemark>
  <ExtendedData>
    <Data name='count'>
      <value>1</value>
    </Data>
    <Data name='system:index'>
      <value>+8331+5136</value>
    </Data>
    <Data name='health_score'>
      <value>-50</value>
    </Data>
  </ExtendedData>
  <Polygon>
    <outerBoundaryIs>
      <LinearRing>
        <coordinates>77.5946990439336,11.284113498540203 77.59479057661964,11.2841126973867 77.59479138831038,11.284203042437044 77.59469985560638,11.284203843590547 77.5946990439336,11.284113498540203 </coordinates>
      </LinearRing>
    </outerBoundaryIs>
  </Polygon>
</Placemark><Placemark>
  <ExtendedData>
    <Data name='count'>
      <value>1</value>
    </Data>
    <Data name='system:index'>
      <value>+8332+5112</value>
    </Data>
    <Data name='health_score'>
      <value>-62</value>
    </Data>
  </ExtendedData>
  <Polygon>
    <outerBoundaryIs>
      <LinearRing>
        <coordinates>77.59481005925457,11.286280978388346 77.59490159261433,11.28628017705518 77.59490240450272,11.286370522078574 77.594810871116,11.286371323420724 77.59481005925457,11.286280978388346 </coordinates>
      </LinearRing>
    </outerBoundaryIs>
  </Polygon>
</Placemark><Placemark>
  <ExtendedData>
    <Data name='count'>
      <value>1</value>
    </Data>
    <Data name='system:index'>
      <value>+8332+5113</value>
    </Data>
    <Data name='health_score'>
      <value>-58</value>
    </Data>
  </ExtendedData>
  <Polygon>
    <outerBoundaryIs>
      <LinearRing>
        <coordinates>77.59480924740214,11.286190633355968 77.59490078072596,11.286189832022803 77.59490159261433,11.28628017705518 77.59481005925457,11.286280978388346 77.59480924740214,11.286190633355968 </coordinates>
      </LinearRing>
    </outerBoundaryIs>
  </Polygon>
</Placemark><Placemark>
  <ExtendedData>
    <Data name='count'>
      <value>3</value>
    </Data>
    <Data name='system:index'>
      <value>+8332+5114</value>
    </Data>
    <Data name='health_score'>
      <value>-55</value>
    </Data>
  </ExtendedData>
  <MultiGeometry>
    <Polygon>
      <outerBoundaryIs>
        <LinearRing>
          <coordinates>77.59490078072596,11.286189832022803 77.5949923140498,11.28618903067167 77.59499312596513,11.286279375695065 77.59490159261433,11.28628017705518 77.59490078072596,11.286189832022803 </coordinates>
        </LinearRing>
      </outerBoundaryIs>
    </Polygon>
    <Polygon>
      <outerBoundaryIs>
        <LinearRing>
          <coordinates>77.59490078072596,11.286189832022803 77.59471771406034,11.286191434653201 77.59471690224383,11.28610108961184 77.59489996884658,11.286099486999408 77.59490078072596,11.286189832022803 </coordinates>
        </LinearRing>
      </outerBoundaryIs>
    </Polygon>
  </MultiGeometry>
</Placemark><Placemark>
  <ExtendedData>
    <Data name='count'>
      <value>2</value>
    </Data>
    <Data name='system:index'>
      <value>+8332+5115</value>
    </Data>
    <Data name='health_score'>
      <value>-57</value>
    </Data>
  </ExtendedData>
  <MultiGeometry>
    <Polygon>
      <outerBoundaryIs>
        <LinearRing>
          <coordinates>77.59489996884658,11.286099486999408 77.59499150214347,11.286098685648275 77.5949923140498,11.28618903067167 77.59490078072596,11.286189832022803 77.59489996884658,11.286099486999408 </coordinates>
        </LinearRing>
      </outerBoundaryIs>
    </Polygon>
    <Polygon>
      <outerBoundaryIs>
        <LinearRing>
          <coordinates>77.59489996884658,11.286099486999408 77.5948084355497,11.286100288314607 77.59480762370625,11.28600994328223 77.59489915697618,11.28600914196703 77.59489996884658,11.286099486999408 </coordinates>
        </LinearRing>
      </outerBoundaryIs>
    </Polygon>
  </MultiGeometry>
</Placemark><Placemark>
  <ExtendedData>
    <Data name='count'>
      <value>1</value>
    </Data>
    <Data name='system:index'>
      <value>+8332+5118</value>
    </Data>
    <Data name='health_score'>
      <value>-55</value>
    </Data>
  </ExtendedData>
  <Polygon>
    <outerBoundaryIs>
      <LinearRing>
        <coordinates>77.59480518822079,11.28573890816713 77.59489672140988,11.28573810687888 77.59489753325333,11.285828451911257 77.59480600004628,11.28582925320849 77.59480518822079,11.28573890816713 </coordinates>
      </LinearRing>
    </outerBoundaryIs>
  </Polygon>
</Placemark><Placemark>
  <ExtendedData>
    <Data name='count'>
      <value>1</value>
    </Data>
    <Data name='system:index'>
      <value>+8332+5119</value>
    </Data>
    <Data name='health_score'>
      <value>-57</value>
    </Data>
  </ExtendedData>
  <Polygon>
    <outerBoundaryIs>
      <LinearRing>
        <coordinates>77.59480437640428,11.285648563134751 77.59489590956643,11.285647761846501 77.59489672140988,11.28573810687888 77.59480518822079,11.28573890816713 77.59480437640428,11.285648563134751 </coordinates>
      </LinearRing>
    </outerBoundaryIs>
  </Polygon>
</Placemark><Placemark>
  <ExtendedData>
    <Data name='count'>
      <value>1</value>
    </Data>
    <Data name='system:index'>
      <value>+8332+5120</value>
    </Data>
    <Data name='health_score'>
      <value>-62</value>
    </Data>
  </ExtendedData>
  <Polygon>
    <outerBoundaryIs>
      <LinearRing>
        <coordinates>77.59480356459676,11.28555821809339 77.59489509772297,11.285557416814123 77.59489590956643,11.285647761846501 77.59480437640428,11.285648563134751 77.59480356459676,11.28555821809339 </coordinates>
      </LinearRing>
    </outerBoundaryIs>
  </Polygon>
</Placemark><Placemark>
  <ExtendedData>
    <Data name='count'>
      <value>2</value>
    </Data>
    <Data name='system:index'>
      <value>+8332+5125</value>
    </Data>
    <Data name='health_score'>
      <value>-59</value>
    </Data>
  </ExtendedData>
  <Polygon>
    <outerBoundaryIs>
      <LinearRing>
        <coordinates>77.59479950566696,11.285106492886586 77.59489103864942,11.28510569164325 77.59489266225549,11.285286381708007 77.59480112921912,11.285287182969308 77.59479950566696,11.285106492886586 </coordinates>
      </LinearRing>
    </outerBoundaryIs>
  </Polygon>
</Placemark><Placemark>
  <ExtendedData>
    <Data name='count'>
      <value>1</value>
    </Data>
    <Data name='system:index'>
      <value>+8332+5126</value>
    </Data>
    <Data name='health_score'>
      <value>-58</value>
    </Data>
  </ExtendedData>
  <Polygon>
    <outerBoundaryIs>
      <LinearRing>
        <coordinates>77.59479869389536,11.285016147845225 77.5948902268509,11.28501534660189 77.59489103864942,11.28510569164325 77.59479950566696,11.285106492886586 77.59479869389536,11.285016147845225 </coordinates>
      </LinearRing>
    </outerBoundaryIs>
  </Polygon>
</Placemark><Placemark>
  <ExtendedData>
    <Data name='count'>
      <value>1</value>
    </Data>
    <Data name='system:index'>
      <value>+8332+5127</value>
    </Data>
    <Data name='health_score'>
      <value>-54</value>
    </Data>
  </ExtendedData>
  <Polygon>
    <outerBoundaryIs>
      <LinearRing>
        <coordinates>77.59479788214173,11.284925802803864 77.59488941507031,11.284925001569514 77.5948902268509,11.28501534660189 77.59479869389536,11.285016147845225 77.59479788214173,11.284925802803864 </coordinates>
      </LinearRing>
    </outerBoundaryIs>
  </Polygon>
</Placemark><Placemark>
  <ExtendedData>
    <Data name='count'>
      <value>1</value>
    </Data>
    <Data name='system:index'>
      <value>+8332+5128</value>
    </Data>
    <Data name='health_score'>
      <value>-53</value>
    </Data>
  </ExtendedData>
  <Polygon>
    <outerBoundaryIs>
      <LinearRing>
        <coordinates>77.59479707038811,11.284835457762503 77.59488860328975,11.284834656528153 77.59488941507031,11.284925001569514 77.59479788214173,11.284925802803864 77.59479707038811,11.284835457762503 </coordinates>
      </LinearRing>
    </outerBoundaryIs>
  </Polygon>
</Placemark><Placemark>
  <ExtendedData>
    <Data name='count'>
      <value>1</value>
    </Data>
    <Data name='system:index'>
      <value>+8332+5129</value>
    </Data>
    <Data name='health_score'>
      <value>-54</value>
    </Data>
  </ExtendedData>
  <Polygon>
    <outerBoundaryIs>
      <LinearRing>
        <coordinates>77.59479625864347,11.284745112721142 77.59488779150917,11.284744311495775 77.59488860328975,11.284834656528153 77.59479707038811,11.284835457762503 77.59479625864347,11.284745112721142 </coordinates>
      </LinearRing>
    </outerBoundaryIs>
  </Polygon>
</Placemark><Placemark>
  <ExtendedData>
    <Data name='count'>
      <value>1</value>
    </Data>
    <Data name='system:index'>
      <value>+8332+5130</value>
    </Data>
    <Data name='health_score'>
      <value>-52</value>
    </Data>
  </ExtendedData>
  <Polygon>
    <outerBoundaryIs>
      <LinearRing>
        <coordinates>77.59479544689883,11.284654767670798 77.59488697974656,11.284653966454414 77.59488779150917,11.284744311495775 77.59479625864347,11.284745112721142 77.59479544689883,11.284654767670798 </coordinates>
      </LinearRing>
    </outerBoundaryIs>
  </Polygon>
</Placemark><Placemark>
  <ExtendedData>
    <Data name='count'>
      <value>1</value>
    </Data>
    <Data name='system:index'>
      <value>+8332+5131</value>
    </Data>
    <Data name='health_score'>
      <value>-55</value>
    </Data>
  </ExtendedData>
  <Polygon>
    <outerBoundaryIs>
      <LinearRing>
        <coordinates>77.59479463517216,11.284564422629437 77.59488616798396,11.284563621413053 77.59488697974656,11.284653966454414 77.59479544689883,11.284654767670798 77.59479463517216,11.284564422629437 </coordinates>
      </LinearRing>
    </outerBoundaryIs>
  </Polygon>
</Placemark><Placemark>
  <ExtendedData>
    <Data name='count'>
      <value>1</value>
    </Data>
    <Data name='system:index'>
      <value>+8332+5132</value>
    </Data>
    <Data name='health_score'>
      <value>-58</value>
    </Data>
  </ExtendedData>
  <Polygon>
    <outerBoundaryIs>
      <LinearRing>
        <coordinates>77.59479382344549,11.284474077579093 77.59488535623034,11.284473276380675 77.59488616798396,11.284563621413053 77.59479463517216,11.284564422629437 77.59479382344549,11.284474077579093 </coordinates>
      </LinearRing>
    </outerBoundaryIs>
  </Polygon>
</Placemark><Placemark>
  <ExtendedData>
    <Data name='count'>
      <value>1</value>
    </Data>
    <Data name='system:index'>
      <value>+8332+5133</value>
    </Data>
    <Data name='health_score'>
      <value>-63</value>
    </Data>
  </ExtendedData>
  <Polygon>
    <outerBoundaryIs>
      <LinearRing>
        <coordinates>77.5947930117278,11.284383732537732 77.5948845444857,11.284382931339314 77.59488535623034,11.284473276380675 77.59479382344549,11.284474077579093 77.5947930117278,11.284383732537732 </coordinates>
      </LinearRing>
    </outerBoundaryIs>
  </Polygon>
</Placemark><Placemark>
  <ExtendedData>
    <Data name='count'>
      <value>1</value>
    </Data>
    <Data name='system:index'>
      <value>+8332+5134</value>
    </Data>
    <Data name='health_score'>
      <value>-67</value>
    </Data>
  </ExtendedData>
  <Polygon>
    <outerBoundaryIs>
      <LinearRing>
        <coordinates>77.59479220001909,11.284293387487388 77.59488373275003,11.284292586297953 77.5948845444857,11.284382931339314 77.5947930117278,11.284383732537732 77.59479220001909,11.284293387487388 </coordinates>
      </LinearRing>
    </outerBoundaryIs>
  </Polygon>
</Placemark><Placemark>
  <ExtendedData>
    <Data name='count'>
      <value>1</value>
    </Data>
    <Data name='system:index'>
      <value>+8332+5135</value>
    </Data>
    <Data name='health_score'>
      <value>-65</value>
    </Data>
  </ExtendedData>
  <Polygon>
    <outerBoundaryIs>
      <LinearRing>
        <coordinates>77.59479138831038,11.284203042437044 77.59488292101437,11.284202241256592 77.59488373275003,11.284292586297953 77.59479220001909,11.284293387487388 77.59479138831038,11.284203042437044 </coordinates>
      </LinearRing>
    </outerBoundaryIs>
  </Polygon>
</Placemark><Placemark>
  <ExtendedData>
    <Data name='count'>
      <value>1</value>
    </Data>
    <Data name='system:index'>
      <value>+8332+5136</value>
    </Data>
    <Data name='health_score'>
      <value>-58</value>
    </Data>
  </ExtendedData>
  <Polygon>
    <outerBoundaryIs>
      <LinearRing>
        <coordinates>77.59479057661964,11.2841126973867 77.59488210928771,11.284111896215231 77.59488292101437,11.284202241256592 77.59479138831038,11.284203042437044 77.59479057661964,11.2841126973867 </coordinates>
      </LinearRing>
    </outerBoundaryIs>
  </Polygon>
</Placemark><Placemark>
  <ExtendedData>
    <Data name='count'>
      <value>1</value>
    </Data>
    <Data name='system:index'>
      <value>+8333+5112</value>
    </Data>
    <Data name='health_score'>
      <value>-59</value>
    </Data>
  </ExtendedData>
  <Polygon>
    <outerBoundaryIs>
      <LinearRing>
        <coordinates>77.59490159261433,11.28628017705518 77.59499312596513,11.286279375695065 77.59499393788045,11.286369720709477 77.59490240450272,11.286370522078574 77.59490159261433,11.28628017705518 </coordinates>
      </LinearRing>
    </outerBoundaryIs>
  </Polygon>
</Placemark><Placemark>
  <ExtendedData>
    <Data name='count'>
      <value>1</value>
    </Data>
    <Data name='system:index'>
      <value>+8333+5117</value>
    </Data>
    <Data name='health_score'>
      <value>-57</value>
    </Data>
  </ExtendedData>
  <Polygon>
    <outerBoundaryIs>
      <LinearRing>
        <coordinates>77.59489753325333,11.285828451911257 77.59498906646039,11.285827650578092 77.59498987834876,11.285917995601485 77.59489834511476,11.285918796934652 77.59489753325333,11.285828451911257 </coordinates>
      </LinearRing>
    </outerBoundaryIs>
  </Polygon>
</Placemark><Placemark>
  <ExtendedData>
    <Data name='count'>
      <value>3</value>
    </Data>
    <Data name='system:index'>
      <value>+8333+5119</value>
    </Data>
    <Data name='health_score'>
      <value>-56</value>
    </Data>
  </ExtendedData>
  <Polygon>
    <outerBoundaryIs>
      <LinearRing>
        <coordinates>77.59489590956643,11.285647761846501 77.5949874427106,11.285646960531302 77.59498825458999,11.285737305554697 77.59507978776111,11.285736504203564 77.59508059966744,11.285826849217976 77.59489753325333,11.285828451911257 77.59489590956643,11.285647761846501 </coordinates>
      </LinearRing>
    </outerBoundaryIs>
  </Polygon>
</Placemark><Placemark>
  <ExtendedData>
    <Data name='count'>
      <value>1</value>
    </Data>
    <Data name='system:index'>
      <value>+8333+5121</value>
    </Data>
    <Data name='health_score'>
      <value>-64</value>
    </Data>
  </ExtendedData>
  <Polygon>
    <outerBoundaryIs>
      <LinearRing>
        <coordinates>77.59489428589748,11.285467071781746 77.59498581898775,11.28546627047553 77.59498663084918,11.285556615498924 77.59489509772297,11.285557416814123 77.59489428589748,11.285467071781746 </coordinates>
      </LinearRing>
    </outerBoundaryIs>
  </Polygon>
</Placemark><Placemark>
  <ExtendedData>
    <Data name='count'>
      <value>1</value>
    </Data>
    <Data name='system:index'>
      <value>+8333+5125</value>
    </Data>
    <Data name='health_score'>
      <value>-57</value>
    </Data>
  </ExtendedData>
  <Polygon>
    <outerBoundaryIs>
      <LinearRing>
        <coordinates>77.59489103864942,11.28510569164325 77.5949825716319,11.285104890363984 77.59498338345739,11.285195235396362 77.59489185044796,11.285196036675629 77.59489103864942,11.28510569164325 </coordinates>
      </LinearRing>
    </outerBoundaryIs>
  </Polygon>
</Placemark><Placemark>
  <ExtendedData>
    <Data name='count'>
      <value>1</value>
    </Data>
    <Data name='system:index'>
      <value>+8333+5126</value>
    </Data>
    <Data name='health_score'>
      <value>-48</value>
    </Data>
  </ExtendedData>
  <Polygon>
    <outerBoundaryIs>
      <LinearRing>
        <coordinates>77.5948902268509,11.28501534660189 77.59498175980642,11.285014545340589 77.5949825716319,11.285104890363984 77.59489103864942,11.28510569164325 77.5948902268509,11.28501534660189 </coordinates>
      </LinearRing>
    </outerBoundaryIs>
  </Polygon>
</Placemark><Placemark>
  <ExtendedData>
    <Data name='count'>
      <value>1</value>
    </Data>
    <Data name='system:index'>
      <value>+8333+5127</value>
    </Data>
    <Data name='health_score'>
      <value>-45</value>
    </Data>
  </ExtendedData>
  <Polygon>
    <outerBoundaryIs>
      <LinearRing>
        <coordinates>77.59488941507031,11.284925001569514 77.59498094798991,11.284924200308213 77.59498175980642,11.285014545340589 77.5948902268509,11.28501534660189 77.59488941507031,11.284925001569514 </coordinates>
      </LinearRing>
    </outerBoundaryIs>
  </Polygon>
</Placemark><Placemark>
  <ExtendedData>
    <Data name='count'>
      <value>1</value>
    </Data>
    <Data name='system:index'>
      <value>+8333+5128</value>
    </Data>
    <Data name='health_score'>
      <value>-43</value>
    </Data>
  </ExtendedData>
  <Polygon>
    <outerBoundaryIs>
      <LinearRing>
        <coordinates>77.59488860328975,11.284834656528153 77.59498013618239,11.284833855275835 77.59498094798991,11.284924200308213 77.59488941507031,11.284925001569514 77.59488860328975,11.284834656528153 </coordinates>
      </LinearRing>
    </outerBoundaryIs>
  </Polygon>
</Placemark><Placemark>
  <ExtendedData>
    <Data name='count'>
      <value>1</value>
    </Data>
    <Data name='system:index'>
      <value>+8333+5130</value>
    </Data>
    <Data name='health_score'>
      <value>-41</value>
    </Data>
  </ExtendedData>
  <Polygon>
    <outerBoundaryIs>
      <LinearRing>
        <coordinates>77.59488697974656,11.284653966454414 77.59497851257633,11.284653165211079 77.59497932437486,11.284743510243457 77.59488779150917,11.284744311495775 77.59488697974656,11.284653966454414 </coordinates>
      </LinearRing>
    </outerBoundaryIs>
  </Polygon>
</Placemark><Placemark>
  <ExtendedData>
    <Data name='count'>
      <value>1</value>
    </Data>
    <Data name='system:index'>
      <value>+8333+5131</value>
    </Data>
    <Data name='health_score'>
      <value>-50</value>
    </Data>
  </ExtendedData>
  <Polygon>
    <outerBoundaryIs>
      <LinearRing>
        <coordinates>77.59488616798396,11.284563621413053 77.59497770079575,11.284562820178701 77.59497851257633,11.284653165211079 77.59488697974656,11.284653966454414 77.59488616798396,11.284563621413053 </coordinates>
      </LinearRing>
    </outerBoundaryIs>
  </Polygon>
</Placemark><Placemark>
  <ExtendedData>
    <Data name='count'>
      <value>1</value>
    </Data>
    <Data name='system:index'>
      <value>+8333+5133</value>
    </Data>
    <Data name='health_score'>
      <value>-57</value>
    </Data>
  </ExtendedData>
  <Polygon>
    <outerBoundaryIs>
      <LinearRing>
        <coordinates>77.5948845444857,11.284382931339314 77.5949760772346,11.284382130113945 77.59497688900619,11.284472475146323 77.59488535623034,11.284473276380675 77.5948845444857,11.284382931339314 </coordinates>
      </LinearRing>
    </outerBoundaryIs>
  </Polygon>
</Placemark><Placemark>
  <ExtendedData>
    <Data name='count'>
      <value>1</value>
    </Data>
    <Data name='system:index'>
      <value>+8333+5134</value>
    </Data>
    <Data name='health_score'>
      <value>-64</value>
    </Data>
  </ExtendedData>
  <Polygon>
    <outerBoundaryIs>
      <LinearRing>
        <coordinates>77.59488373275003,11.284292586297953 77.59497526546302,11.284291785081567 77.5949760772346,11.284382130113945 77.5948845444857,11.284382931339314 77.59488373275003,11.284292586297953 </coordinates>
      </LinearRing>
    </outerBoundaryIs>
  </Polygon>
</Placemark><Placemark>
  <ExtendedData>
    <Data name='count'>
      <value>1</value>
    </Data>
    <Data name='system:index'>
      <value>+8333+5135</value>
    </Data>
    <Data name='health_score'>
      <value>-66</value>
    </Data>
  </ExtendedData>
  <Polygon>
    <outerBoundaryIs>
      <LinearRing>
        <coordinates>77.59488292101437,11.284202241256592 77.5949744537094,11.28420144004919 77.59497526546302,11.284291785081567 77.59488373275003,11.284292586297953 77.59488292101437,11.284202241256592 </coordinates>
      </LinearRing>
    </outerBoundaryIs>
  </Polygon>
</Placemark><Placemark>
  <ExtendedData>
    <Data name='count'>
      <value>1</value>
    </Data>
    <Data name='system:index'>
      <value>+8333+5136</value>
    </Data>
    <Data name='health_score'>
      <value>-63</value>
    </Data>
  </ExtendedData>
  <Polygon>
    <outerBoundaryIs>
      <LinearRing>
        <coordinates>77.59488210928771,11.284111896215231 77.59497364195578,11.284111095007828 77.5949744537094,11.28420144004919 77.59488292101437,11.284202241256592 77.59488210928771,11.284111896215231 </coordinates>
      </LinearRing>
    </outerBoundaryIs>
  </Polygon>
</Placemark><Placemark>
  <ExtendedData>
    <Data name='count'>
      <value>1</value>
    </Data>
    <Data name='system:index'>
      <value>+8334+5113</value>
    </Data>
    <Data name='health_score'>
      <value>-56</value>
    </Data>
  </ExtendedData>
  <Polygon>
    <outerBoundaryIs>
      <LinearRing>
        <coordinates>77.5949923140498,11.28618903067167 77.59508384736466,11.286188229284605 77.59508465930693,11.286278574299017 77.59499312596513,11.286279375695065 77.5949923140498,11.28618903067167 </coordinates>
      </LinearRing>
    </outerBoundaryIs>
  </Polygon>
</Placemark><Placemark>
  <ExtendedData>
    <Data name='count'>
      <value>1</value>
    </Data>
    <Data name='system:index'>
      <value>+8334+5114</value>
    </Data>
    <Data name='health_score'>
      <value>-61</value>
    </Data>
  </ExtendedData>
  <Polygon>
    <outerBoundaryIs>
      <LinearRing>
        <coordinates>77.59499150214347,11.286098685648275 77.59508303543137,11.286097884270193 77.59508384736466,11.286188229284605 77.5949923140498,11.28618903067167 77.59499150214347,11.286098685648275 </coordinates>
      </LinearRing>
    </outerBoundaryIs>
  </Polygon>
</Placemark><Placemark>
  <ExtendedData>
    <Data name='count'>
      <value>2</value>
    </Data>
    <Data name='system:index'>
      <value>+8334+5115</value>
    </Data>
    <Data name='health_score'>
      <value>-60</value>
    </Data>
  </ExtendedData>
  <Polygon>
    <outerBoundaryIs>
      <LinearRing>
        <coordinates>77.59489915697618,11.28600914196703 77.59508222349808,11.286007539255783 77.59508303543137,11.286097884270193 77.59489996884658,11.286099486999408 77.59489915697618,11.28600914196703 </coordinates>
      </LinearRing>
    </outerBoundaryIs>
  </Polygon>
</Placemark><Placemark>
  <ExtendedData>
    <Data name='count'>
      <value>1</value>
    </Data>
    <Data name='system:index'>
      <value>+8334+5119</value>
    </Data>
    <Data name='health_score'>
      <value>-55</value>
    </Data>
  </ExtendedData>
  <Polygon>
    <outerBoundaryIs>
      <LinearRing>
        <coordinates>77.5949874427106,11.285646960531302 77.59507897585478,11.285646159189152 77.59507978776111,11.285736504203564 77.59498825458999,11.285737305554697 77.5949874427106,11.285646960531302 </coordinates>
      </LinearRing>
    </outerBoundaryIs>
  </Polygon>
</Placemark><Placemark>
  <ExtendedData>
    <Data name='count'>
      <value>1</value>
    </Data>
    <Data name='system:index'>
      <value>+8334+5120</value>
    </Data>
    <Data name='health_score'>
      <value>-59</value>
    </Data>
  </ExtendedData>
  <Polygon>
    <outerBoundaryIs>
      <LinearRing>
        <coordinates>77.59498663084918,11.285556615498924 77.5950781639664,11.285555814165757 77.59507897585478,11.285646159189152 77.5949874427106,11.285646960531302 77.59498663084918,11.285556615498924 </coordinates>
      </LinearRing>
    </outerBoundaryIs>
  </Polygon>
</Placemark><Placemark>
  <ExtendedData>
    <Data name='count'>
      <value>7</value>
    </Data>
    <Data name='system:index'>
      <value>+8334+5124</value>
    </Data>
    <Data name='health_score'>
      <value>-60</value>
    </Data>
  </ExtendedData>
  <Polygon>
    <outerBoundaryIs>
      <LinearRing>
        <coordinates>77.59480112921912,11.285287182969308 77.59489266225549,11.285286381708007 77.59489185044796,11.285196036675629 77.59507491645783,11.285194434081163 77.59507654019865,11.285375124127953 77.594893474072,11.285376726749368 77.59489509772297,11.285557416814123 77.59480356459676,11.28555821809339 77.59480112921912,11.285287182969308 </coordinates>
      </LinearRing>
    </outerBoundaryIs>
  </Polygon>
</Placemark><Placemark>
  <ExtendedData>
    <Data name='count'>
      <value>3</value>
    </Data>
    <Data name='system:index'>
      <value>+8334+5125</value>
    </Data>
    <Data name='health_score'>
      <value>-59</value>
    </Data>
  </ExtendedData>
  <MultiGeometry>
    <Polygon>
      <outerBoundaryIs>
        <LinearRing>
          <coordinates>77.59507491645783,11.285194434081163 77.59525798244076,11.285192831378899 77.59525879436505,11.285283176384326 77.59507572832824,11.285284779104558 77.59507491645783,11.285194434081163 </coordinates>
        </LinearRing>
      </outerBoundaryIs>
    </Polygon>
    <Polygon>
      <outerBoundaryIs>
        <LinearRing>
          <coordinates>77.59507491645783,11.285194434081163 77.59498338345739,11.285195235396362 77.5949825716319,11.285104890363984 77.5950741045964,11.285104089057768 77.59507491645783,11.285194434081163 </coordinates>
        </LinearRing>
      </outerBoundaryIs>
    </Polygon>
  </MultiGeometry>
</Placemark><Placemark>
  <ExtendedData>
    <Data name='count'>
      <value>1</value>
    </Data>
    <Data name='system:index'>
      <value>+8334+5127</value>
    </Data>
    <Data name='health_score'>
      <value>-46</value>
    </Data>
  </ExtendedData>
  <Polygon>
    <outerBoundaryIs>
      <LinearRing>
        <coordinates>77.59498094798991,11.284924200308213 77.59507248090053,11.284923399010978 77.59507329274398,11.285013744034373 77.59498175980642,11.285014545340589 77.59498094798991,11.284924200308213 </coordinates>
      </LinearRing>
    </outerBoundaryIs>
  </Polygon>
</Placemark><Placemark>
  <ExtendedData>
    <Data name='count'>
      <value>1</value>
    </Data>
    <Data name='system:index'>
      <value>+8334+5128</value>
    </Data>
    <Data name='health_score'>
      <value>-40</value>
    </Data>
  </ExtendedData>
  <Polygon>
    <outerBoundaryIs>
      <LinearRing>
        <coordinates>77.59498013618239,11.284833855275835 77.59507166906604,11.284833053987583 77.59507248090053,11.284923399010978 77.59498094798991,11.284924200308213 77.59498013618239,11.284833855275835 </coordinates>
      </LinearRing>
    </outerBoundaryIs>
  </Polygon>
</Placemark><Placemark>
  <ExtendedData>
    <Data name='count'>
      <value>2</value>
    </Data>
    <Data name='system:index'>
      <value>+8334+5129</value>
    </Data>
    <Data name='health_score'>
      <value>-46</value>
    </Data>
  </ExtendedData>
  <Polygon>
    <outerBoundaryIs>
      <LinearRing>
        <coordinates>77.59488779150917,11.284744311495775 77.59507085723158,11.28474270896419 77.59507166906604,11.284833053987583 77.59488860328975,11.284834656528153 77.59488779150917,11.284744311495775 </coordinates>
      </LinearRing>
    </outerBoundaryIs>
  </Polygon>
</Placemark><Placemark>
  <ExtendedData>
    <Data name='count'>
      <value>1</value>
    </Data>
    <Data name='system:index'>
      <value>+8334+5130</value>
    </Data>
    <Data name='health_score'>
      <value>-44</value>
    </Data>
  </ExtendedData>
  <Polygon>
    <outerBoundaryIs>
      <LinearRing>
        <coordinates>77.59497851257633,11.284653165211079 77.59507004540609,11.284652363940795 77.59507085723158,11.28474270896419 77.59497932437486,11.284743510243457 77.59497851257633,11.284653165211079 </coordinates>
      </LinearRing>
    </outerBoundaryIs>
  </Polygon>
</Placemark><Placemark>
  <ExtendedData>
    <Data name='count'>
      <value>2</value>
    </Data>
    <Data name='system:index'>
      <value>+8334+5131</value>
    </Data>
    <Data name='health_score'>
      <value>-48</value>
    </Data>
  </ExtendedData>
  <MultiGeometry>
    <Polygon>
      <outerBoundaryIs>
        <LinearRing>
          <coordinates>77.59507004540609,11.284652363940795 77.59516157823585,11.28465156264356 77.59516239008829,11.284741907657972 77.59507085723158,11.28474270896419 77.59507004540609,11.284652363940795 </coordinates>
        </LinearRing>
      </outerBoundaryIs>
    </Polygon>
    <Polygon>
      <outerBoundaryIs>
        <LinearRing>
          <coordinates>77.59507004540609,11.284652363940795 77.59497851257633,11.284653165211079 77.59497770079575,11.284562820178701 77.59506923358958,11.2845620189174 77.59507004540609,11.284652363940795 </coordinates>
        </LinearRing>
      </outerBoundaryIs>
    </Polygon>
  </MultiGeometry>
</Placemark><Placemark>
  <ExtendedData>
    <Data name='count'>
      <value>2</value>
    </Data>
    <Data name='system:index'>
      <value>+8334+5132</value>
    </Data>
    <Data name='health_score'>
      <value>-54</value>
    </Data>
  </ExtendedData>
  <Polygon>
    <outerBoundaryIs>
      <LinearRing>
        <coordinates>77.59488535623034,11.284473276380675 77.59506842178206,11.284471673885022 77.59506923358958,11.2845620189174 77.59488616798396,11.284563621413053 77.59488535623034,11.284473276380675 </coordinates>
      </LinearRing>
    </outerBoundaryIs>
  </Polygon>
</Placemark><Placemark>
  <ExtendedData>
    <Data name='count'>
      <value>1</value>
    </Data>
    <Data name='system:index'>
      <value>+8334+5134</value>
    </Data>
    <Data name='health_score'>
      <value>-60</value>
    </Data>
  </ExtendedData>
  <Polygon>
    <outerBoundaryIs>
      <LinearRing>
        <coordinates>77.59497526546302,11.284291785081567 77.59506679818499,11.284290983838233 77.59506760997454,11.284381328861627 77.5949760772346,11.284382130113945 77.59497526546302,11.284291785081567 </coordinates>
      </LinearRing>
    </outerBoundaryIs>
  </Polygon>
</Placemark><Placemark>
  <ExtendedData>
    <Data name='count'>
      <value>1</value>
    </Data>
    <Data name='system:index'>
      <value>+8334+5135</value>
    </Data>
    <Data name='health_score'>
      <value>-61</value>
    </Data>
  </ExtendedData>
  <Polygon>
    <outerBoundaryIs>
      <LinearRing>
        <coordinates>77.5949744537094,11.28420144004919 77.59506598639543,11.284200638805855 77.59506679818499,11.284290983838233 77.59497526546302,11.284291785081567 77.5949744537094,11.28420144004919 </coordinates>
      </LinearRing>
    </outerBoundaryIs>
  </Polygon>
</Placemark><Placemark>
  <ExtendedData>
    <Data name='count'>
      <value>1</value>
    </Data>
    <Data name='system:index'>
      <value>+8334+5136</value>
    </Data>
    <Data name='health_score'>
      <value>-62</value>
    </Data>
  </ExtendedData>
  <Polygon>
    <outerBoundaryIs>
      <LinearRing>
        <coordinates>77.59497364195578,11.284111095007828 77.59506517460586,11.284110293773477 77.59506598639543,11.284200638805855 77.5949744537094,11.28420144004919 77.59497364195578,11.284111095007828 </coordinates>
      </LinearRing>
    </outerBoundaryIs>
  </Polygon>
</Placemark><Placemark>
  <ExtendedData>
    <Data name='count'>
      <value>1</value>
    </Data>
    <Data name='system:index'>
      <value>+8335+5112</value>
    </Data>
    <Data name='health_score'>
      <value>-60</value>
    </Data>
  </ExtendedData>
  <Polygon>
    <outerBoundaryIs>
      <LinearRing>
        <coordinates>77.59508465930693,11.286278574299017 77.59517619263974,11.286277772885002 77.59517700461795,11.286368117890431 77.59508547124919,11.286368919313428 77.59508465930693,11.286278574299017 </coordinates>
      </LinearRing>
    </outerBoundaryIs>
  </Polygon>
</Placemark><Placemark>
  <ExtendedData>
    <Data name='count'>
      <value>2</value>
    </Data>
    <Data name='system:index'>
      <value>+8335+5113</value>
    </Data>
    <Data name='health_score'>
      <value>-58</value>
    </Data>
  </ExtendedData>
  <MultiGeometry>
    <Polygon>
      <outerBoundaryIs>
        <LinearRing>
          <coordinates>77.59508465930693,11.286278574299017 77.59508547124919,11.286368919313428 77.59499393788045,11.286369720709477 77.59499312596513,11.286279375695065 77.59508465930693,11.286278574299017 </coordinates>
        </LinearRing>
      </outerBoundaryIs>
    </Polygon>
    <Polygon>
      <outerBoundaryIs>
        <LinearRing>
          <coordinates>77.59508465930693,11.286278574299017 77.59508384736466,11.286188229284605 77.59517538067053,11.28618742787059 77.59517619263974,11.286277772885002 77.59508465930693,11.286278574299017 </coordinates>
        </LinearRing>
      </outerBoundaryIs>
    </Polygon>
  </MultiGeometry>
</Placemark><Placemark>
  <ExtendedData>
    <Data name='count'>
      <value>1</value>
    </Data>
    <Data name='system:index'>
      <value>+8335+5114</value>
    </Data>
    <Data name='health_score'>
      <value>-57</value>
    </Data>
  </ExtendedData>
  <Polygon>
    <outerBoundaryIs>
      <LinearRing>
        <coordinates>77.59508303543137,11.286097884270193 77.59517456871029,11.286097082865162 77.59517538067053,11.28618742787059 77.59508384736466,11.286188229284605 77.59508303543137,11.286097884270193 </coordinates>
      </LinearRing>
    </outerBoundaryIs>
  </Polygon>
</Placemark><Placemark>
  <ExtendedData>
    <Data name='count'>
      <value>1</value>
    </Data>
    <Data name='system:index'>
      <value>+8335+5115</value>
    </Data>
    <Data name='health_score'>
      <value>-56</value>
    </Data>
  </ExtendedData>
  <Polygon>
    <outerBoundaryIs>
      <LinearRing>
        <coordinates>77.59508222349808,11.286007539255783 77.59517375675006,11.286006737859735 77.59517456871029,11.286097082865162 77.59508303543137,11.286097884270193 77.59508222349808,11.286007539255783 </coordinates>
      </LinearRing>
    </outerBoundaryIs>
  </Polygon>
</Placemark><Placemark>
  <ExtendedData>
    <Data name='count'>
      <value>3</value>
    </Data>
    <Data name='system:index'>
      <value>+8335+5117</value>
    </Data>
    <Data name='health_score'>
      <value>-53</value>
    </Data>
  </ExtendedData>
  <Polygon>
    <outerBoundaryIs>
      <LinearRing>
        <coordinates>77.59508059966744,11.285826849217976 77.59517213285653,11.285826047839894 77.5951729447988,11.285916392845323 77.59526447801484,11.285915591422325 77.59526528999304,11.286005936427753 77.59508222349808,11.286007539255783 77.59508059966744,11.285826849217976 </coordinates>
      </LinearRing>
    </outerBoundaryIs>
  </Polygon>
</Placemark><Placemark>
  <ExtendedData>
    <Data name='count'>
      <value>2</value>
    </Data>
    <Data name='system:index'>
      <value>+8335+5118</value>
    </Data>
    <Data name='health_score'>
      <value>-51</value>
    </Data>
  </ExtendedData>
  <MultiGeometry>
    <Polygon>
      <outerBoundaryIs>
        <LinearRing>
          <coordinates>77.59517213285653,11.285826047839894 77.59526366604562,11.28582524642588 77.59526447801484,11.285915591422325 77.5951729447988,11.285916392845323 77.59517213285653,11.285826047839894 </coordinates>
        </LinearRing>
      </outerBoundaryIs>
    </Polygon>
    <Polygon>
      <outerBoundaryIs>
        <LinearRing>
          <coordinates>77.59517213285653,11.285826047839894 77.59508059966744,11.285826849217976 77.59507978776111,11.285736504203564 77.59517132092324,11.285735702825482 77.59517213285653,11.285826047839894 </coordinates>
        </LinearRing>
      </outerBoundaryIs>
    </Polygon>
  </MultiGeometry>
</Placemark><Placemark>
  <ExtendedData>
    <Data name='count'>
      <value>1</value>
    </Data>
    <Data name='system:index'>
      <value>+8335+5119</value>
    </Data>
    <Data name='health_score'>
      <value>-52</value>
    </Data>
  </ExtendedData>
  <Polygon>
    <outerBoundaryIs>
      <LinearRing>
        <coordinates>77.59507897585478,11.285646159189152 77.59517050898997,11.28564535781107 77.59517132092324,11.285735702825482 77.59507978776111,11.285736504203564 77.59507897585478,11.285646159189152 </coordinates>
      </LinearRing>
    </outerBoundaryIs>
  </Polygon>
</Placemark><Placemark>
  <ExtendedData>
    <Data name='count'>
      <value>1</value>
    </Data>
    <Data name='system:index'>
      <value>+8335+5120</value>
    </Data>
    <Data name='health_score'>
      <value>-56</value>
    </Data>
  </ExtendedData>
  <Polygon>
    <outerBoundaryIs>
      <LinearRing>
        <coordinates>77.5950781639664,11.285555814165757 77.59516969707464,11.28555501279666 77.59517050898997,11.28564535781107 77.59507897585478,11.285646159189152 77.5950781639664,11.285555814165757 </coordinates>
      </LinearRing>
    </outerBoundaryIs>
  </Polygon>
</Placemark><Placemark>
  <ExtendedData>
    <Data name='count'>
      <value>1</value>
    </Data>
    <Data name='system:index'>
      <value>+8335+5121</value>
    </Data>
    <Data name='health_score'>
      <value>-60</value>
    </Data>
  </ExtendedData>
  <Polygon>
    <outerBoundaryIs>
      <LinearRing>
        <coordinates>77.59507735207804,11.285465469142363 77.59516888515932,11.285464667782248 77.59516969707464,11.28555501279666 77.5950781639664,11.285555814165757 77.59507735207804,11.285465469142363 </coordinates>
      </LinearRing>
    </outerBoundaryIs>
  </Polygon>
</Placemark><Placemark>
  <ExtendedData>
    <Data name='count'>
      <value>5</value>
    </Data>
    <Data name='system:index'>
      <value>+8335+5123</value>
    </Data>
    <Data name='health_score'>
      <value>-61</value>
    </Data>
  </ExtendedData>
  <MultiGeometry>
    <Polygon>
      <outerBoundaryIs>
        <LinearRing>
          <coordinates>77.59498663084918,11.285556615498924 77.5949874427106,11.285646960531302 77.59489590956643,11.285647761846501 77.59489509772297,11.285557416814123 77.59498663084918,11.285556615498924 </coordinates>
        </LinearRing>
      </outerBoundaryIs>
    </Polygon>
    <Polygon>
      <outerBoundaryIs>
        <LinearRing>
          <coordinates>77.59507654019865,11.285375124127953 77.59507572832824,11.285284779104558 77.59516726134665,11.285283977762408 77.595168073244,11.28537432277682 77.59507654019865,11.285375124127953 </coordinates>
        </LinearRing>
      </outerBoundaryIs>
    </Polygon>
    <Polygon>
      <outerBoundaryIs>
        <LinearRing>
          <coordinates>77.59507654019865,11.285375124127953 77.5950781639664,11.285555814165757 77.59498663084918,11.285556615498924 77.59498581898775,11.28546627047553 77.59489428589748,11.285467071781746 77.594893474072,11.285376726749368 77.59507654019865,11.285375124127953 </coordinates>
        </LinearRing>
      </outerBoundaryIs>
    </Polygon>
  </MultiGeometry>
</Placemark><Placemark>
  <ExtendedData>
    <Data name='count'>
      <value>1</value>
    </Data>
    <Data name='system:index'>
      <value>+8335+5125</value>
    </Data>
    <Data name='health_score'>
      <value>-57</value>
    </Data>
  </ExtendedData>
  <Polygon>
    <outerBoundaryIs>
      <LinearRing>
        <coordinates>77.5950741045964,11.285104089057768 77.59516563756092,11.285103287724603 77.5951664494493,11.285193632747996 77.59507491645783,11.285194434081163 77.5950741045964,11.285104089057768 </coordinates>
      </LinearRing>
    </outerBoundaryIs>
  </Polygon>
</Placemark><Placemark>
  <ExtendedData>
    <Data name='count'>
      <value>2</value>
    </Data>
    <Data name='system:index'>
      <value>+8335+5127</value>
    </Data>
    <Data name='health_score'>
      <value>-54</value>
    </Data>
  </ExtendedData>
  <MultiGeometry>
    <Polygon>
      <outerBoundaryIs>
        <LinearRing>
          <coordinates>77.59507329274398,11.285013744034373 77.5950741045964,11.285104089057768 77.5949825716319,11.285104890363984 77.59498175980642,11.285014545340589 77.59507329274398,11.285013744034373 </coordinates>
        </LinearRing>
      </outerBoundaryIs>
    </Polygon>
    <Polygon>
      <outerBoundaryIs>
        <LinearRing>
          <coordinates>77.59507329274398,11.285013744034373 77.59507248090053,11.284923399010978 77.59516401381113,11.284922597695779 77.59516482568154,11.28501294271019 77.59507329274398,11.285013744034373 </coordinates>
        </LinearRing>
      </outerBoundaryIs>
    </Polygon>
  </MultiGeometry>
</Placemark><Placemark>
  <ExtendedData>
    <Data name='count'>
      <value>2</value>
    </Data>
    <Data name='system:index'>
      <value>+8335+5129</value>
    </Data>
    <Data name='health_score'>
      <value>-53</value>
    </Data>
  </ExtendedData>
  <Polygon>
    <outerBoundaryIs>
      <LinearRing>
        <coordinates>77.59507085723158,11.28474270896419 77.59516239008829,11.284741907657972 77.59516401381113,11.284922597695779 77.59507248090053,11.284923399010978 77.59507085723158,11.28474270896419 </coordinates>
      </LinearRing>
    </outerBoundaryIs>
  </Polygon>
</Placemark><Placemark>
  <ExtendedData>
    <Data name='count'>
      <value>1</value>
    </Data>
    <Data name='system:index'>
      <value>+8335+5131</value>
    </Data>
    <Data name='health_score'>
      <value>-47</value>
    </Data>
  </ExtendedData>
  <Polygon>
    <outerBoundaryIs>
      <LinearRing>
        <coordinates>77.59506923358958,11.2845620189174 77.59516076638342,11.284561217620167 77.59516157823585,11.28465156264356 77.59507004540609,11.284652363940795 77.59506923358958,11.2845620189174 </coordinates>
      </LinearRing>
    </outerBoundaryIs>
  </Polygon>
</Placemark><Placemark>
  <ExtendedData>
    <Data name='count'>
      <value>1</value>
    </Data>
    <Data name='system:index'>
      <value>+8335+5132</value>
    </Data>
    <Data name='health_score'>
      <value>-53</value>
    </Data>
  </ExtendedData>
  <Polygon>
    <outerBoundaryIs>
      <LinearRing>
        <coordinates>77.59506842178206,11.284471673885022 77.59515995454895,11.284470872605755 77.59516076638342,11.284561217620167 77.59506923358958,11.2845620189174 77.59506842178206,11.284471673885022 </coordinates>
      </LinearRing>
    </outerBoundaryIs>
  </Polygon>
</Placemark><Placemark>
  <ExtendedData>
    <Data name='count'>
      <value>3</value>
    </Data>
    <Data name='system:index'>
      <value>+8335+5134</value>
    </Data>
    <Data name='health_score'>
      <value>-58</value>
    </Data>
  </ExtendedData>
  <Polygon>
    <outerBoundaryIs>
      <LinearRing>
        <coordinates>77.5949760772346,11.284382130113945 77.59506760997454,11.284381328861627 77.59506679818499,11.284290983838233 77.59515833088898,11.284290182558966 77.59515995454895,11.284470872605755 77.59497688900619,11.284472475146323 77.5949760772346,11.284382130113945 </coordinates>
      </LinearRing>
    </outerBoundaryIs>
  </Polygon>
</Placemark><Placemark>
  <ExtendedData>
    <Data name='count'>
      <value>1</value>
    </Data>
    <Data name='system:index'>
      <value>+8335+5135</value>
    </Data>
    <Data name='health_score'>
      <value>-57</value>
    </Data>
  </ExtendedData>
  <Polygon>
    <outerBoundaryIs>
      <LinearRing>
        <coordinates>77.59506598639543,11.284200638805855 77.59515751907247,11.28419983753557 77.59515833088898,11.284290182558966 77.59506679818499,11.284290983838233 77.59506598639543,11.284200638805855 </coordinates>
      </LinearRing>
    </outerBoundaryIs>
  </Polygon>
</Placemark><Placemark>
  <ExtendedData>
    <Data name='count'>
      <value>1</value>
    </Data>
    <Data name='system:index'>
      <value>+8335+5136</value>
    </Data>
    <Data name='health_score'>
      <value>-56</value>
    </Data>
  </ExtendedData>
  <Polygon>
    <outerBoundaryIs>
      <LinearRing>
        <coordinates>77.59506517460586,11.284110293773477 77.59515670726495,11.284109492512176 77.59515751907247,11.28419983753557 77.59506598639543,11.284200638805855 77.59506517460586,11.284110293773477 </coordinates>
      </LinearRing>
    </outerBoundaryIs>
  </Polygon>
</Placemark><Placemark>
  <ExtendedData>
    <Data name='count'>
      <value>1</value>
    </Data>
    <Data name='system:index'>
      <value>+8336+5114</value>
    </Data>
    <Data name='health_score'>
      <value>-50</value>
    </Data>
  </ExtendedData>
  <Polygon>
    <outerBoundaryIs>
      <LinearRing>
        <coordinates>77.59517456871029,11.286097082865162 77.59526610198023,11.286096281433181 77.59526691396741,11.28618662643861 77.59517538067053,11.28618742787059 77.59517456871029,11.286097082865162 </coordinates>
      </LinearRing>
    </outerBoundaryIs>
  </Polygon>
</Placemark><Placemark>
  <ExtendedData>
    <Data name='count'>
      <value>1</value>
    </Data>
    <Data name='system:index'>
      <value>+8336+5115</value>
    </Data>
    <Data name='health_score'>
      <value>-51</value>
    </Data>
  </ExtendedData>
  <Polygon>
    <outerBoundaryIs>
      <LinearRing>
        <coordinates>77.59517375675006,11.286006737859735 77.59526528999304,11.286005936427753 77.59526610198023,11.286096281433181 77.59517456871029,11.286097082865162 77.59517375675006,11.286006737859735 </coordinates>
      </LinearRing>
    </outerBoundaryIs>
  </Polygon>
</Placemark><Placemark>
  <ExtendedData>
    <Data name='count'>
      <value>1</value>
    </Data>
    <Data name='system:index'>
      <value>+8336+5119</value>
    </Data>
    <Data name='health_score'>
      <value>-49</value>
    </Data>
  </ExtendedData>
  <Polygon>
    <outerBoundaryIs>
      <LinearRing>
        <coordinates>77.59517050898997,11.28564535781107 77.59526204212516,11.285644556415022 77.59526285407641,11.28573490142045 77.59517132092324,11.285735702825482 77.59517050898997,11.28564535781107 </coordinates>
      </LinearRing>
    </outerBoundaryIs>
  </Polygon>
</Placemark><Placemark>
  <ExtendedData>
    <Data name='count'>
      <value>1</value>
    </Data>
    <Data name='system:index'>
      <value>+8336+5120</value>
    </Data>
    <Data name='health_score'>
      <value>-55</value>
    </Data>
  </ExtendedData>
  <Polygon>
    <outerBoundaryIs>
      <LinearRing>
        <coordinates>77.59516969707464,11.28555501279666 77.5952612301739,11.285554211409595 77.59526204212516,11.285644556415022 77.59517050898997,11.28564535781107 77.59516969707464,11.28555501279666 </coordinates>
      </LinearRing>
    </outerBoundaryIs>
  </Polygon>
</Placemark><Placemark>
  <ExtendedData>
    <Data name='count'>
      <value>3</value>
    </Data>
    <Data name='system:index'>
      <value>+8336+5122</value>
    </Data>
    <Data name='health_score'>
      <value>-59</value>
    </Data>
  </ExtendedData>
  <Polygon>
    <outerBoundaryIs>
      <LinearRing>
        <coordinates>77.59507654019865,11.285375124127953 77.59525960628936,11.285373521389754 77.5952612301739,11.285554211409595 77.59516969707464,11.28555501279666 77.59516888515932,11.285464667782248 77.59507735207804,11.285465469142363 77.59507654019865,11.285375124127953 </coordinates>
      </LinearRing>
    </outerBoundaryIs>
  </Polygon>
</Placemark><Placemark>
  <ExtendedData>
    <Data name='count'>
      <value>1</value>
    </Data>
    <Data name='system:index'>
      <value>+8336+5128</value>
    </Data>
    <Data name='health_score'>
      <value>-47</value>
    </Data>
  </ExtendedData>
  <Polygon>
    <outerBoundaryIs>
      <LinearRing>
        <coordinates>77.59516320194072,11.284832252681367 77.5952547348154,11.284831451339219 77.59525554671276,11.284921796344646 77.59516401381113,11.284922597695779 77.59516320194072,11.284832252681367 </coordinates>
      </LinearRing>
    </outerBoundaryIs>
  </Polygon>
</Placemark><Placemark>
  <ExtendedData>
    <Data name='count'>
      <value>1</value>
    </Data>
    <Data name='system:index'>
      <value>+8336+5130</value>
    </Data>
    <Data name='health_score'>
      <value>-49</value>
    </Data>
  </ExtendedData>
  <Polygon>
    <outerBoundaryIs>
      <LinearRing>
        <coordinates>77.59516157823585,11.28465156264356 77.59525311104764,11.284650761310395 77.59525392292703,11.284741106324807 77.59516239008829,11.284741907657972 77.59516157823585,11.28465156264356 </coordinates>
      </LinearRing>
    </outerBoundaryIs>
  </Polygon>
</Placemark><Placemark>
  <ExtendedData>
    <Data name='count'>
      <value>1</value>
    </Data>
    <Data name='system:index'>
      <value>+8336+5131</value>
    </Data>
    <Data name='health_score'>
      <value>-40</value>
    </Data>
  </ExtendedData>
  <Polygon>
    <outerBoundaryIs>
      <LinearRing>
        <coordinates>77.59516076638342,11.284561217620167 77.59525229917725,11.284560416295983 77.59525311104764,11.284650761310395 77.59516157823585,11.28465156264356 77.59516076638342,11.284561217620167 </coordinates>
      </LinearRing>
    </outerBoundaryIs>
  </Polygon>
</Placemark><Placemark>
  <ExtendedData>
    <Data name='count'>
      <value>1</value>
    </Data>
    <Data name='system:index'>
      <value>+8336+5132</value>
    </Data>
    <Data name='health_score'>
      <value>-41</value>
    </Data>
  </ExtendedData>
  <Polygon>
    <outerBoundaryIs>
      <LinearRing>
        <coordinates>77.59515995454895,11.284470872605755 77.59525148730684,11.284470071290555 77.59525229917725,11.284560416295983 77.59516076638342,11.284561217620167 77.59515995454895,11.284470872605755 </coordinates>
      </LinearRing>
    </outerBoundaryIs>
  </Polygon>
</Placemark><Placemark>
  <ExtendedData>
    <Data name='count'>
      <value>1</value>
    </Data>
    <Data name='system:index'>
      <value>+8336+5133</value>
    </Data>
    <Data name='health_score'>
      <value>-56</value>
    </Data>
  </ExtendedData>
  <Polygon>
    <outerBoundaryIs>
      <LinearRing>
        <coordinates>77.59515914271446,11.28438052758236 77.59525067544541,11.284379726276144 77.59525148730684,11.284470071290555 77.59515995454895,11.284470872605755 77.59515914271446,11.28438052758236 </coordinates>
      </LinearRing>
    </outerBoundaryIs>
  </Polygon>
</Placemark><Placemark>
  <ExtendedData>
    <Data name='count'>
      <value>1</value>
    </Data>
    <Data name='system:index'>
      <value>+8336+5134</value>
    </Data>
    <Data name='health_score'>
      <value>-62</value>
    </Data>
  </ExtendedData>
  <Polygon>
    <outerBoundaryIs>
      <LinearRing>
        <coordinates>77.59515833088898,11.284290182558966 77.59524986359298,11.284289381261733 77.59525067544541,11.284379726276144 77.59515914271446,11.28438052758236 77.59515833088898,11.284290182558966 </coordinates>
      </LinearRing>
    </outerBoundaryIs>
  </Polygon>
</Placemark><Placemark>
  <ExtendedData>
    <Data name='count'>
      <value>1</value>
    </Data>
    <Data name='system:index'>
      <value>+8336+5135</value>
    </Data>
    <Data name='health_score'>
      <value>-64</value>
    </Data>
  </ExtendedData>
  <Polygon>
    <outerBoundaryIs>
      <LinearRing>
        <coordinates>77.59515751907247,11.28419983753557 77.59524905174054,11.28419903624732 77.59524986359298,11.284289381261733 77.59515833088898,11.284290182558966 77.59515751907247,11.28419983753557 </coordinates>
      </LinearRing>
    </outerBoundaryIs>
  </Polygon>
</Placemark><Placemark>
  <ExtendedData>
    <Data name='count'>
      <value>1</value>
    </Data>
    <Data name='system:index'>
      <value>+8336+5136</value>
    </Data>
    <Data name='health_score'>
      <value>-63</value>
    </Data>
  </ExtendedData>
  <Polygon>
    <outerBoundaryIs>
      <LinearRing>
        <coordinates>77.59515670726495,11.284109492512176 77.59524823990607,11.284108691223926 77.59524905174054,11.28419903624732 77.59515751907247,11.28419983753557 77.59515670726495,11.284109492512176 </coordinates>
      </LinearRing>
    </outerBoundaryIs>
  </Polygon>
</Placemark><Placemark>
  <ExtendedData>
    <Data name='count'>
      <value>2</value>
    </Data>
    <Data name='system:index'>
      <value>+8337+5112</value>
    </Data>
    <Data name='health_score'>
      <value>-56</value>
    </Data>
  </ExtendedData>
  <Polygon>
    <outerBoundaryIs>
      <LinearRing>
        <coordinates>77.59517619263974,11.286277772885002 77.5953592592964,11.286276169958159 77.5953600713285,11.286366514954604 77.59517700461795,11.286368117890431 77.59517619263974,11.286277772885002 </coordinates>
      </LinearRing>
    </outerBoundaryIs>
  </Polygon>
</Placemark><Placemark>
  <ExtendedData>
    <Data name='count'>
      <value>2</value>
    </Data>
    <Data name='system:index'>
      <value>+8337+5113</value>
    </Data>
    <Data name='health_score'>
      <value>-53</value>
    </Data>
  </ExtendedData>
  <Polygon>
    <outerBoundaryIs>
      <LinearRing>
        <coordinates>77.59517538067053,11.28618742787059 77.5953584472643,11.286185824970696 77.5953592592964,11.286276169958159 77.59517619263974,11.286277772885002 77.59517538067053,11.28618742787059 </coordinates>
      </LinearRing>
    </outerBoundaryIs>
  </Polygon>
</Placemark><Placemark>
  <ExtendedData>
    <Data name='count'>
      <value>1</value>
    </Data>
    <Data name='system:index'>
      <value>+8337+5115</value>
    </Data>
    <Data name='health_score'>
      <value>-47</value>
    </Data>
  </ExtendedData>
  <Polygon>
    <outerBoundaryIs>
      <LinearRing>
        <coordinates>77.59526528999304,11.286005936427753 77.59535682322705,11.286005134977806 77.59535763524119,11.286095479974252 77.59526610198023,11.286096281433181 77.59526528999304,11.286005936427753 </coordinates>
      </LinearRing>
    </outerBoundaryIs>
  </Polygon>
</Placemark><Placemark>
  <ExtendedData>
    <Data name='count'>
      <value>2</value>
    </Data>
    <Data name='system:index'>
      <value>+8337+5119</value>
    </Data>
    <Data name='health_score'>
      <value>-47</value>
    </Data>
  </ExtendedData>
  <MultiGeometry>
    <Polygon>
      <outerBoundaryIs>
        <LinearRing>
          <coordinates>77.59526285407641,11.28573490142045 77.59526366604562,11.28582524642588 77.59517213285653,11.285826047839894 77.59517132092324,11.285735702825482 77.59526285407641,11.28573490142045 </coordinates>
        </LinearRing>
      </outerBoundaryIs>
    </Polygon>
    <Polygon>
      <outerBoundaryIs>
        <LinearRing>
          <coordinates>77.59526285407641,11.28573490142045 77.59526204212516,11.285644556415022 77.59535357524237,11.285643754983042 77.59535438722956,11.285734099979488 77.59526285407641,11.28573490142045 </coordinates>
        </LinearRing>
      </outerBoundaryIs>
    </Polygon>
  </MultiGeometry>
</Placemark><Placemark>
  <ExtendedData>
    <Data name='count'>
      <value>1</value>
    </Data>
    <Data name='system:index'>
      <value>+8337+5120</value>
    </Data>
    <Data name='health_score'>
      <value>-53</value>
    </Data>
  </ExtendedData>
  <Polygon>
    <outerBoundaryIs>
      <LinearRing>
        <coordinates>77.5952612301739,11.285554211409595 77.59535276326417,11.285553409986598 77.59535357524237,11.285643754983042 77.59526204212516,11.285644556415022 77.5952612301739,11.285554211409595 </coordinates>
      </LinearRing>
    </outerBoundaryIs>
  </Polygon>
</Placemark><Placemark>
  <ExtendedData>
    <Data name='count'>
      <value>1</value>
    </Data>
    <Data name='system:index'>
      <value>+8337+5122</value>
    </Data>
    <Data name='health_score'>
      <value>-58</value>
    </Data>
  </ExtendedData>
  <Polygon>
    <outerBoundaryIs>
      <LinearRing>
        <coordinates>77.59525960628936,11.285373521389754 77.59535113932573,11.285372719984723 77.59535195129496,11.285463064981169 77.59526041823163,11.285463866395183 77.59525960628936,11.285373521389754 </coordinates>
      </LinearRing>
    </outerBoundaryIs>
  </Polygon>
</Placemark><Placemark>
  <ExtendedData>
    <Data name='count'>
      <value>1</value>
    </Data>
    <Data name='system:index'>
      <value>+8337+5123</value>
    </Data>
    <Data name='health_score'>
      <value>-61</value>
    </Data>
  </ExtendedData>
  <Polygon>
    <outerBoundaryIs>
      <LinearRing>
        <coordinates>77.59525879436505,11.285283176384326 77.5953503273655,11.285282374979294 77.59535113932573,11.285372719984723 77.59525960628936,11.285373521389754 77.59525879436505,11.285283176384326 </coordinates>
      </LinearRing>
    </outerBoundaryIs>
  </Polygon>
</Placemark><Placemark>
  <ExtendedData>
    <Data name='count'>
      <value>2</value>
    </Data>
    <Data name='system:index'>
      <value>+8337+5124</value>
    </Data>
    <Data name='health_score'>
      <value>-60</value>
    </Data>
  </ExtendedData>
  <MultiGeometry>
    <Polygon>
      <outerBoundaryIs>
        <LinearRing>
          <coordinates>77.59525879436505,11.285283176384326 77.59525960628936,11.285373521389754 77.595168073244,11.28537432277682 77.59516726134665,11.285283977762408 77.59525879436505,11.285283176384326 </coordinates>
        </LinearRing>
      </outerBoundaryIs>
    </Polygon>
    <Polygon>
      <outerBoundaryIs>
        <LinearRing>
          <coordinates>77.59525879436505,11.285283176384326 77.59525798244076,11.285192831378899 77.59534951541424,11.28519202998285 77.5953503273655,11.285282374979294 77.59525879436505,11.285283176384326 </coordinates>
        </LinearRing>
      </outerBoundaryIs>
    </Polygon>
  </MultiGeometry>
</Placemark><Placemark>
  <ExtendedData>
    <Data name='count'>
      <value>3</value>
    </Data>
    <Data name='system:index'>
      <value>+8337+5126</value>
    </Data>
    <Data name='health_score'>
      <value>-53</value>
    </Data>
  </ExtendedData>
  <Polygon>
    <outerBoundaryIs>
      <LinearRing>
        <coordinates>77.59507329274398,11.285013744034373 77.5953478915387,11.285011339971993 77.59534870347197,11.285101684977421 77.5950741045964,11.285104089057768 77.59507329274398,11.285013744034373 </coordinates>
      </LinearRing>
    </outerBoundaryIs>
  </Polygon>
</Placemark><Placemark>
  <ExtendedData>
    <Data name='count'>
      <value>2</value>
    </Data>
    <Data name='system:index'>
      <value>+8337+5128</value>
    </Data>
    <Data name='health_score'>
      <value>-50</value>
    </Data>
  </ExtendedData>
  <MultiGeometry>
    <Polygon>
      <outerBoundaryIs>
        <LinearRing>
          <coordinates>77.59525554671276,11.284921796344646 77.59525635861011,11.285012141359058 77.59516482568154,11.28501294271019 77.59516401381113,11.284922597695779 77.59525554671276,11.284921796344646 </coordinates>
        </LinearRing>
      </outerBoundaryIs>
    </Polygon>
    <Polygon>
      <outerBoundaryIs>
        <LinearRing>
          <coordinates>77.59525554671276,11.284921796344646 77.5952547348154,11.284831451339219 77.5953462676811,11.28483064997012 77.5953470796054,11.284920994966564 77.59525554671276,11.284921796344646 </coordinates>
        </LinearRing>
      </outerBoundaryIs>
    </Polygon>
  </MultiGeometry>
</Placemark><Placemark>
  <ExtendedData>
    <Data name='count'>
      <value>1</value>
    </Data>
    <Data name='system:index'>
      <value>+8337+5129</value>
    </Data>
    <Data name='health_score'>
      <value>-53</value>
    </Data>
  </ExtendedData>
  <Polygon>
    <outerBoundaryIs>
      <LinearRing>
        <coordinates>77.59525392292703,11.284741106324807 77.59534545576578,11.284740304964691 77.5953462676811,11.28483064997012 77.5952547348154,11.284831451339219 77.59525392292703,11.284741106324807 </coordinates>
      </LinearRing>
    </outerBoundaryIs>
  </Polygon>
</Placemark><Placemark>
  <ExtendedData>
    <Data name='count'>
      <value>2</value>
    </Data>
    <Data name='system:index'>
      <value>+8337+5130</value>
    </Data>
    <Data name='health_score'>
      <value>-51</value>
    </Data>
  </ExtendedData>
  <MultiGeometry>
    <Polygon>
      <outerBoundaryIs>
        <LinearRing>
          <coordinates>77.59525392292703,11.284741106324807 77.5952547348154,11.284831451339219 77.59516320194072,11.284832252681367 77.59516239008829,11.284741907657972 77.59525392292703,11.284741106324807 </coordinates>
        </LinearRing>
      </outerBoundaryIs>
    </Polygon>
    <Polygon>
      <outerBoundaryIs>
        <LinearRing>
          <coordinates>77.59525392292703,11.284741106324807 77.59525311104764,11.284650761310395 77.59534464385945,11.284649959959262 77.59534545576578,11.284740304964691 77.59525392292703,11.284741106324807 </coordinates>
        </LinearRing>
      </outerBoundaryIs>
    </Polygon>
  </MultiGeometry>
</Placemark><Placemark>
  <ExtendedData>
    <Data name='count'>
      <value>2</value>
    </Data>
    <Data name='system:index'>
      <value>+8337+5132</value>
    </Data>
    <Data name='health_score'>
      <value>-37</value>
    </Data>
  </ExtendedData>
  <Polygon>
    <outerBoundaryIs>
      <LinearRing>
        <coordinates>77.59525148730684,11.284470071290555 77.59534302005575,11.284469269939423 77.59534464385945,11.284649959959262 77.59525311104764,11.284650761310395 77.59525148730684,11.284470071290555 </coordinates>
      </LinearRing>
    </outerBoundaryIs>
  </Polygon>
</Placemark><Placemark>
  <ExtendedData>
    <Data name='count'>
      <value>1</value>
    </Data>
    <Data name='system:index'>
      <value>+8337+5133</value>
    </Data>
    <Data name='health_score'>
      <value>-55</value>
    </Data>
  </ExtendedData>
  <Polygon>
    <outerBoundaryIs>
      <LinearRing>
        <coordinates>77.59525067544541,11.284379726276144 77.59534220816738,11.284378924933995 77.59534302005575,11.284469269939423 77.59525148730684,11.284470071290555 77.59525067544541,11.284379726276144 </coordinates>
      </LinearRing>
    </outerBoundaryIs>
  </Polygon>
</Placemark><Placemark>
  <ExtendedData>
    <Data name='count'>
      <value>1</value>
    </Data>
    <Data name='system:index'>
      <value>+8337+5134</value>
    </Data>
    <Data name='health_score'>
      <value>-61</value>
    </Data>
  </ExtendedData>
  <Polygon>
    <outerBoundaryIs>
      <LinearRing>
        <coordinates>77.59524986359298,11.284289381261733 77.59534139628799,11.284288579928566 77.59534220816738,11.284378924933995 77.59525067544541,11.284379726276144 77.59524986359298,11.284289381261733 </coordinates>
      </LinearRing>
    </outerBoundaryIs>
  </Polygon>
</Placemark><Placemark>
  <ExtendedData>
    <Data name='count'>
      <value>1</value>
    </Data>
    <Data name='system:index'>
      <value>+8337+5135</value>
    </Data>
    <Data name='health_score'>
      <value>-66</value>
    </Data>
  </ExtendedData>
  <Polygon>
    <outerBoundaryIs>
      <LinearRing>
        <coordinates>77.59524905174054,11.28419903624732 77.5953405844086,11.284198234923139 77.59534139628799,11.284288579928566 77.59524986359298,11.284289381261733 77.59524905174054,11.28419903624732 </coordinates>
      </LinearRing>
    </outerBoundaryIs>
  </Polygon>
</Placemark><Placemark>
  <ExtendedData>
    <Data name='count'>
      <value>1</value>
    </Data>
    <Data name='system:index'>
      <value>+8337+5136</value>
    </Data>
    <Data name='health_score'>
      <value>-65</value>
    </Data>
  </ExtendedData>
  <Polygon>
    <outerBoundaryIs>
      <LinearRing>
        <coordinates>77.59524823990607,11.284108691223926 77.5953397725382,11.284107889908727 77.5953405844086,11.284198234923139 77.59524905174054,11.28419903624732 77.59524823990607,11.284108691223926 </coordinates>
      </LinearRing>
    </outerBoundaryIs>
  </Polygon>
</Placemark><Placemark>
  <ExtendedData>
    <Data name='count'>
      <value>4</value>
    </Data>
    <Data name='system:index'>
      <value>+8338+5113</value>
    </Data>
    <Data name='health_score'>
      <value>-50</value>
    </Data>
  </ExtendedData>
  <MultiGeometry>
    <Polygon>
      <outerBoundaryIs>
        <LinearRing>
          <coordinates>77.59545079261126,11.286275368463295 77.5957253925109,11.286272963781078 77.59572620465978,11.286363308750573 77.5954516046703,11.286365713450758 77.59545079261126,11.286275368463295 </coordinates>
        </LinearRing>
      </outerBoundaryIs>
    </Polygon>
    <Polygon>
      <outerBoundaryIs>
        <LinearRing>
          <coordinates>77.59545079261126,11.286275368463295 77.5953592592964,11.286276169958159 77.5953584472643,11.286185824970696 77.5954499805522,11.286185023466851 77.59545079261126,11.286275368463295 </coordinates>
        </LinearRing>
      </outerBoundaryIs>
    </Polygon>
  </MultiGeometry>
</Placemark><Placemark>
  <ExtendedData>
    <Data name='count'>
      <value>1</value>
    </Data>
    <Data name='system:index'>
      <value>+8338+5114</value>
    </Data>
    <Data name='health_score'>
      <value>-46</value>
    </Data>
  </ExtendedData>
  <Polygon>
    <outerBoundaryIs>
      <LinearRing>
        <coordinates>77.59535763524119,11.286095479974252 77.59544916850214,11.286094678479389 77.5954499805522,11.286185023466851 77.5953584472643,11.286185824970696 77.59535763524119,11.286095479974252 </coordinates>
      </LinearRing>
    </outerBoundaryIs>
  </Polygon>
</Placemark><Placemark>
  <ExtendedData>
    <Data name='count'>
      <value>2</value>
    </Data>
    <Data name='system:index'>
      <value>+8338+5116</value>
    </Data>
    <Data name='health_score'>
      <value>-46</value>
    </Data>
  </ExtendedData>
  <Polygon>
    <outerBoundaryIs>
      <LinearRing>
        <coordinates>77.59526447801484,11.285915591422325 77.59544754442895,11.285913988504465 77.59544835646105,11.286004333491926 77.59526528999304,11.286005936427753 77.59526447801484,11.285915591422325 </coordinates>
      </LinearRing>
    </outerBoundaryIs>
  </Polygon>
</Placemark><Placemark>
  <ExtendedData>
    <Data name='count'>
      <value>1</value>
    </Data>
    <Data name='system:index'>
      <value>+8338+5117</value>
    </Data>
    <Data name='health_score'>
      <value>-49</value>
    </Data>
  </ExtendedData>
  <Polygon>
    <outerBoundaryIs>
      <LinearRing>
        <coordinates>77.59535519922572,11.285824444975933 77.59544673239685,11.285823643508019 77.59544754442895,11.285913988504465 77.5953560112219,11.28591478998136 77.59535519922572,11.285824444975933 </coordinates>
      </LinearRing>
    </outerBoundaryIs>
  </Polygon>
</Placemark><Placemark>
  <ExtendedData>
    <Data name='count'>
      <value>1</value>
    </Data>
    <Data name='system:index'>
      <value>+8338+5118</value>
    </Data>
    <Data name='health_score'>
      <value>-44</value>
    </Data>
  </ExtendedData>
  <Polygon>
    <outerBoundaryIs>
      <LinearRing>
        <coordinates>77.59535438722956,11.285734099979488 77.59544592037373,11.285733298520556 77.59544673239685,11.285823643508019 77.59535519922572,11.285824444975933 77.59535438722956,11.285734099979488 </coordinates>
      </LinearRing>
    </outerBoundaryIs>
  </Polygon>
</Placemark><Placemark>
  <ExtendedData>
    <Data name='count'>
      <value>3</value>
    </Data>
    <Data name='system:index'>
      <value>+8338+5119</value>
    </Data>
    <Data name='health_score'>
      <value>-45</value>
    </Data>
  </ExtendedData>
  <MultiGeometry>
    <Polygon>
      <outerBoundaryIs>
        <LinearRing>
          <coordinates>77.59535438722956,11.285734099979488 77.5953560112219,11.28591478998136 77.59526447801484,11.285915591422325 77.59526285407641,11.28573490142045 77.59535438722956,11.285734099979488 </coordinates>
        </LinearRing>
      </outerBoundaryIs>
    </Polygon>
    <Polygon>
      <outerBoundaryIs>
        <LinearRing>
          <coordinates>77.59535438722956,11.285734099979488 77.59535357524237,11.285643754983042 77.5954451083596,11.285642953524112 77.59544592037373,11.285733298520556 77.59535438722956,11.285734099979488 </coordinates>
        </LinearRing>
      </outerBoundaryIs>
    </Polygon>
  </MultiGeometry>
</Placemark><Placemark>
  <ExtendedData>
    <Data name='count'>
      <value>1</value>
    </Data>
    <Data name='system:index'>
      <value>+8338+5120</value>
    </Data>
    <Data name='health_score'>
      <value>-50</value>
    </Data>
  </ExtendedData>
  <Polygon>
    <outerBoundaryIs>
      <LinearRing>
        <coordinates>77.59535276326417,11.285553409986598 77.59544429635444,11.28555260853665 77.5954451083596,11.285642953524112 77.59535357524237,11.285643754983042 77.59535276326417,11.285553409986598 </coordinates>
      </LinearRing>
    </outerBoundaryIs>
  </Polygon>
</Placemark><Placemark>
  <ExtendedData>
    <Data name='count'>
      <value>2</value>
    </Data>
    <Data name='system:index'>
      <value>+8338+5121</value>
    </Data>
    <Data name='health_score'>
      <value>-56</value>
    </Data>
  </ExtendedData>
  <Polygon>
    <outerBoundaryIs>
      <LinearRing>
        <coordinates>77.59526041823163,11.285463866395183 77.59544348434929,11.285462263540206 77.59544429635444,11.28555260853665 77.5952612301739,11.285554211409595 77.59526041823163,11.285463866395183 </coordinates>
      </LinearRing>
    </outerBoundaryIs>
  </Polygon>
</Placemark><Placemark>
  <ExtendedData>
    <Data name='count'>
      <value>4</value>
    </Data>
    <Data name='system:index'>
      <value>+8338+5124</value>
    </Data>
    <Data name='health_score'>
      <value>-59</value>
    </Data>
  </ExtendedData>
  <Polygon>
    <outerBoundaryIs>
      <LinearRing>
        <coordinates>77.59534951541424,11.28519202998285 77.59544104838774,11.285191228559853 77.59544186037492,11.285281573547314 77.59562492634886,11.285279970602504 77.59562573839892,11.285370315589967 77.59535113932573,11.285372719984723 77.59534951541424,11.28519202998285 </coordinates>
      </LinearRing>
    </outerBoundaryIs>
  </Polygon>
</Placemark><Placemark>
  <ExtendedData>
    <Data name='count'>
      <value>3</value>
    </Data>
    <Data name='system:index'>
      <value>+8338+5125</value>
    </Data>
    <Data name='health_score'>
      <value>-56</value>
    </Data>
  </ExtendedData>
  <Polygon>
    <outerBoundaryIs>
      <LinearRing>
        <coordinates>77.59516563756092,11.285103287724603 77.59544023641853,11.285100883563407 77.59544104838774,11.285191228559853 77.5951664494493,11.285193632747996 77.59516563756092,11.285103287724603 </coordinates>
      </LinearRing>
    </outerBoundaryIs>
  </Polygon>
</Placemark><Placemark>
  <ExtendedData>
    <Data name='count'>
      <value>2</value>
    </Data>
    <Data name='system:index'>
      <value>+8338+5129</value>
    </Data>
    <Data name='health_score'>
      <value>-52</value>
    </Data>
  </ExtendedData>
  <Polygon>
    <outerBoundaryIs>
      <LinearRing>
        <coordinates>77.59534545576578,11.284740304964691 77.59543698859554,11.284739503568643 77.59543861248906,11.284920193570517 77.5953470796054,11.284920994966564 77.59534545576578,11.284740304964691 </coordinates>
      </LinearRing>
    </outerBoundaryIs>
  </Polygon>
</Placemark><Placemark>
  <ExtendedData>
    <Data name='count'>
      <value>1</value>
    </Data>
    <Data name='system:index'>
      <value>+8338+5131</value>
    </Data>
    <Data name='health_score'>
      <value>-38</value>
    </Data>
  </ExtendedData>
  <Polygon>
    <outerBoundaryIs>
      <LinearRing>
        <coordinates>77.5953438319531,11.284559614953835 77.59543536472897,11.284558813575753 77.59543617665327,11.284649158572197 77.59534464385945,11.284649959959262 77.5953438319531,11.284559614953835 </coordinates>
      </LinearRing>
    </outerBoundaryIs>
  </Polygon>
</Placemark><Placemark>
  <ExtendedData>
    <Data name='count'>
      <value>1</value>
    </Data>
    <Data name='system:index'>
      <value>+8338+5132</value>
    </Data>
    <Data name='health_score'>
      <value>-39</value>
    </Data>
  </ExtendedData>
  <Polygon>
    <outerBoundaryIs>
      <LinearRing>
        <coordinates>77.59534302005575,11.284469269939423 77.59543455280466,11.284468468570324 77.59543536472897,11.284558813575753 77.5953438319531,11.284559614953835 77.59534302005575,11.284469269939423 </coordinates>
      </LinearRing>
    </outerBoundaryIs>
  </Polygon>
</Placemark><Placemark>
  <ExtendedData>
    <Data name='count'>
      <value>1</value>
    </Data>
    <Data name='system:index'>
      <value>+8338+5133</value>
    </Data>
    <Data name='health_score'>
      <value>-57</value>
    </Data>
  </ExtendedData>
  <Polygon>
    <outerBoundaryIs>
      <LinearRing>
        <coordinates>77.59534220816738,11.284378924933995 77.59543374088037,11.284378123573878 77.59543455280466,11.284468468570324 77.59534302005575,11.284469269939423 77.59534220816738,11.284378924933995 </coordinates>
      </LinearRing>
    </outerBoundaryIs>
  </Polygon>
</Placemark><Placemark>
  <ExtendedData>
    <Data name='count'>
      <value>1</value>
    </Data>
    <Data name='system:index'>
      <value>+8339+5114</value>
    </Data>
    <Data name='health_score'>
      <value>-47</value>
    </Data>
  </ExtendedData>
  <Polygon>
    <outerBoundaryIs>
      <LinearRing>
        <coordinates>77.59544916850214,11.286094678479389 77.5955407017541,11.286093876966559 77.59554151383112,11.286184221945039 77.5954499805522,11.286185023466851 77.59544916850214,11.286094678479389 </coordinates>
      </LinearRing>
    </outerBoundaryIs>
  </Polygon>
</Placemark><Placemark>
  <ExtendedData>
    <Data name='count'>
      <value>5</value>
    </Data>
    <Data name='system:index'>
      <value>+8339+5117</value>
    </Data>
    <Data name='health_score'>
      <value>-45</value>
    </Data>
  </ExtendedData>
  <MultiGeometry>
    <Polygon>
      <outerBoundaryIs>
        <LinearRing>
          <coordinates>77.59535763524119,11.286095479974252 77.5953584472643,11.286185824970696 77.59526691396741,11.28618662643861 77.59526610198023,11.286096281433181 77.59535763524119,11.286095479974252 </coordinates>
        </LinearRing>
      </outerBoundaryIs>
    </Polygon>
    <Polygon>
      <outerBoundaryIs>
        <LinearRing>
          <coordinates>77.59535763524119,11.286095479974252 77.59535682322705,11.286005134977806 77.59544835646105,11.286004333491926 77.59544673239685,11.285823643508019 77.59553826555899,11.285822842013156 77.5955407017541,11.286093876966559 77.59535763524119,11.286095479974252 </coordinates>
        </LinearRing>
      </outerBoundaryIs>
    </Polygon>
  </MultiGeometry>
</Placemark><Placemark>
  <ExtendedData>
    <Data name='count'>
      <value>1</value>
    </Data>
    <Data name='system:index'>
      <value>+8339+5118</value>
    </Data>
    <Data name='health_score'>
      <value>-47</value>
    </Data>
  </ExtendedData>
  <Polygon>
    <outerBoundaryIs>
      <LinearRing>
        <coordinates>77.59544592037373,11.285733298520556 77.59553745350892,11.285732497025695 77.59553826555899,11.285822842013156 77.59544673239685,11.285823643508019 77.59544592037373,11.285733298520556 </coordinates>
      </LinearRing>
    </outerBoundaryIs>
  </Polygon>
</Placemark><Placemark>
  <ExtendedData>
    <Data name='count'>
      <value>1</value>
    </Data>
    <Data name='system:index'>
      <value>+8339+5119</value>
    </Data>
    <Data name='health_score'>
      <value>-46</value>
    </Data>
  </ExtendedData>
  <Polygon>
    <outerBoundaryIs>
      <LinearRing>
        <coordinates>77.5954451083596,11.285642953524112 77.59553664146783,11.285642152038232 77.59553745350892,11.285732497025695 77.59544592037373,11.285733298520556 77.5954451083596,11.285642953524112 </coordinates>
      </LinearRing>
    </outerBoundaryIs>
  </Polygon>
</Placemark><Placemark>
  <ExtendedData>
    <Data name='count'>
      <value>1</value>
    </Data>
    <Data name='system:index'>
      <value>+8339+5120</value>
    </Data>
    <Data name='health_score'>
      <value>-49</value>
    </Data>
  </ExtendedData>
  <Polygon>
    <outerBoundaryIs>
      <LinearRing>
        <coordinates>77.59544429635444,11.28555260853665 77.59553582943573,11.285551807050771 77.59553664146783,11.285642152038232 77.5954451083596,11.285642953524112 77.59544429635444,11.28555260853665 </coordinates>
      </LinearRing>
    </outerBoundaryIs>
  </Polygon>
</Placemark><Placemark>
  <ExtendedData>
    <Data name='count'>
      <value>1</value>
    </Data>
    <Data name='system:index'>
      <value>+8339+5121</value>
    </Data>
    <Data name='health_score'>
      <value>-55</value>
    </Data>
  </ExtendedData>
  <Polygon>
    <outerBoundaryIs>
      <LinearRing>
        <coordinates>77.59544348434929,11.285462263540206 77.59553501740363,11.285461462072291 77.59553582943573,11.285551807050771 77.59544429635444,11.28555260853665 77.59544348434929,11.285462263540206 </coordinates>
      </LinearRing>
    </outerBoundaryIs>
  </Polygon>
</Placemark><Placemark>
  <ExtendedData>
    <Data name='count'>
      <value>4</value>
    </Data>
    <Data name='system:index'>
      <value>+8339+5122</value>
    </Data>
    <Data name='health_score'>
      <value>-57</value>
    </Data>
  </ExtendedData>
  <MultiGeometry>
    <Polygon>
      <outerBoundaryIs>
        <LinearRing>
          <coordinates>77.59553501740363,11.285461462072291 77.595626550449,11.285460660568445 77.5956281745671,11.285641350525403 77.59553664146783,11.285642152038232 77.59553501740363,11.285461462072291 </coordinates>
        </LinearRing>
      </outerBoundaryIs>
    </Polygon>
    <Polygon>
      <outerBoundaryIs>
        <LinearRing>
          <coordinates>77.59553501740363,11.285461462072291 77.59535195129496,11.285463064981169 77.59535113932573,11.285372719984723 77.59553420538052,11.285371117084829 77.59553501740363,11.285461462072291 </coordinates>
        </LinearRing>
      </outerBoundaryIs>
    </Polygon>
  </MultiGeometry>
</Placemark><Placemark>
  <ExtendedData>
    <Data name='count'>
      <value>1</value>
    </Data>
    <Data name='system:index'>
      <value>+8339+5125</value>
    </Data>
    <Data name='health_score'>
      <value>-57</value>
    </Data>
  </ExtendedData>
  <Polygon>
    <outerBoundaryIs>
      <LinearRing>
        <coordinates>77.59544023641853,11.285100883563407 77.59553176935609,11.28510008211346 77.59553258136123,11.285190427100922 77.59544104838774,11.285191228559853 77.59544023641853,11.285100883563407 </coordinates>
      </LinearRing>
    </outerBoundaryIs>
  </Polygon>
</Placemark><Placemark>
  <ExtendedData>
    <Data name='count'>
      <value>2</value>
    </Data>
    <Data name='system:index'>
      <value>+8339+5126</value>
    </Data>
    <Data name='health_score'>
      <value>-52</value>
    </Data>
  </ExtendedData>
  <Polygon>
    <outerBoundaryIs>
      <LinearRing>
        <coordinates>77.5953478915387,11.285011339971993 77.59553095735991,11.285009737125998 77.59553176935609,11.28510008211346 77.59534870347197,11.285101684977421 77.5953478915387,11.285011339971993 </coordinates>
      </LinearRing>
    </outerBoundaryIs>
  </Polygon>
</Placemark><Placemark>
  <ExtendedData>
    <Data name='count'>
      <value>3</value>
    </Data>
    <Data name='system:index'>
      <value>+8339+5127</value>
    </Data>
    <Data name='health_score'>
      <value>-51</value>
    </Data>
  </ExtendedData>
  <Polygon>
    <outerBoundaryIs>
      <LinearRing>
        <coordinates>77.59525554671276,11.284921796344646 77.59553014537272,11.284919392129552 77.59553095735991,11.285009737125998 77.59525635861011,11.285012141359058 77.59525554671276,11.284921796344646 </coordinates>
      </LinearRing>
    </outerBoundaryIs>
  </Polygon>
</Placemark><Placemark>
  <ExtendedData>
    <Data name='count'>
      <value>1</value>
    </Data>
    <Data name='system:index'>
      <value>+8339+5129</value>
    </Data>
    <Data name='health_score'>
      <value>-53</value>
    </Data>
  </ExtendedData>
  <Polygon>
    <outerBoundaryIs>
      <LinearRing>
        <coordinates>77.59543698859554,11.284739503568643 77.59552852141633,11.284738702154629 77.59552933339452,11.284829047142091 77.59543780053781,11.284829848565089 77.59543698859554,11.284739503568643 </coordinates>
      </LinearRing>
    </outerBoundaryIs>
  </Polygon>
</Placemark><Placemark>
  <ExtendedData>
    <Data name='count'>
      <value>2</value>
    </Data>
    <Data name='system:index'>
      <value>+8339+5130</value>
    </Data>
    <Data name='health_score'>
      <value>-50</value>
    </Data>
  </ExtendedData>
  <Polygon>
    <outerBoundaryIs>
      <LinearRing>
        <coordinates>77.59534464385945,11.284649959959262 77.5955277094471,11.284648357158183 77.59552852141633,11.284738702154629 77.59534545576578,11.284740304964691 77.59534464385945,11.284649959959262 </coordinates>
      </LinearRing>
    </outerBoundaryIs>
  </Polygon>
</Placemark><Placemark>
  <ExtendedData>
    <Data name='count'>
      <value>1</value>
    </Data>
    <Data name='system:index'>
      <value>+8339+5131</value>
    </Data>
    <Data name='health_score'>
      <value>-45</value>
    </Data>
  </ExtendedData>
  <Polygon>
    <outerBoundaryIs>
      <LinearRing>
        <coordinates>77.59543536472897,11.284558813575753 77.59552689748686,11.284558012161739 77.5955277094471,11.284648357158183 77.59543617665327,11.284649158572197 77.59543536472897,11.284558813575753 </coordinates>
      </LinearRing>
    </outerBoundaryIs>
  </Polygon>
</Placemark><Placemark>
  <ExtendedData>
    <Data name='count'>
      <value>1</value>
    </Data>
    <Data name='system:index'>
      <value>+8339+5132</value>
    </Data>
    <Data name='health_score'>
      <value>-43</value>
    </Data>
  </ExtendedData>
  <Polygon>
    <outerBoundaryIs>
      <LinearRing>
        <coordinates>77.59543455280466,11.284468468570324 77.59552608553561,11.284467667174276 77.59552689748686,11.284558012161739 77.59543536472897,11.284558813575753 77.59543455280466,11.284468468570324 </coordinates>
      </LinearRing>
    </outerBoundaryIs>
  </Polygon>
</Placemark><Placemark>
  <ExtendedData>
    <Data name='count'>
      <value>1</value>
    </Data>
    <Data name='system:index'>
      <value>+8339+5134</value>
    </Data>
    <Data name='health_score'>
      <value>-62</value>
    </Data>
  </ExtendedData>
  <Polygon>
    <outerBoundaryIs>
      <LinearRing>
        <coordinates>77.59543292897402,11.284287778568451 77.59552446165107,11.284286977181386 77.59552527359334,11.28437732217783 77.59543374088037,11.284378123573878 77.59543292897402,11.284287778568451 </coordinates>
      </LinearRing>
    </outerBoundaryIs>
  </Polygon>
</Placemark><Placemark>
  <ExtendedData>
    <Data name='count'>
      <value>4</value>
    </Data>
    <Data name='system:index'>
      <value>+8339+5135</value>
    </Data>
    <Data name='health_score'>
      <value>-60</value>
    </Data>
  </ExtendedData>
  <MultiGeometry>
    <Polygon>
      <outerBoundaryIs>
        <LinearRing>
          <coordinates>77.59552446165107,11.284286977181386 77.59561599432813,11.284286175767372 77.59561680629734,11.284376520754833 77.59552527359334,11.28437732217783 77.59552446165107,11.284286977181386 </coordinates>
        </LinearRing>
      </outerBoundaryIs>
    </Polygon>
    <Polygon>
      <outerBoundaryIs>
        <LinearRing>
          <coordinates>77.59552446165107,11.284286977181386 77.59543292897402,11.284287778568451 77.59543374088037,11.284378123573878 77.59534220816738,11.284378924933995 77.5953405844086,11.284198234923139 77.59552364971779,11.28419663218494 77.59552446165107,11.284286977181386 </coordinates>
        </LinearRing>
      </outerBoundaryIs>
    </Polygon>
  </MultiGeometry>
</Placemark><Placemark>
  <ExtendedData>
    <Data name='count'>
      <value>1</value>
    </Data>
    <Data name='system:index'>
      <value>+8340+5113</value>
    </Data>
    <Data name='health_score'>
      <value>-52</value>
    </Data>
  </ExtendedData>
  <Polygon>
    <outerBoundaryIs>
      <LinearRing>
        <coordinates>77.59554151383112,11.286184221945039 77.59563304710106,11.286183420396277 77.595633859214,11.286273765365772 77.59554232591712,11.286274566923517 77.59554151383112,11.286184221945039 </coordinates>
      </LinearRing>
    </outerBoundaryIs>
  </Polygon>
</Placemark><Placemark>
  <ExtendedData>
    <Data name='count'>
      <value>1</value>
    </Data>
    <Data name='system:index'>
      <value>+8340+5115</value>
    </Data>
    <Data name='health_score'>
      <value>-49</value>
    </Data>
  </ExtendedData>
  <Polygon>
    <outerBoundaryIs>
      <LinearRing>
        <coordinates>77.59553988968607,11.286003531979098 77.59563142290212,11.28600273043932 77.5956322349971,11.286093075417797 77.5955407017541,11.286093876966559 77.59553988968607,11.286003531979098 </coordinates>
      </LinearRing>
    </outerBoundaryIs>
  </Polygon>
</Placemark><Placemark>
  <ExtendedData>
    <Data name='count'>
      <value>1</value>
    </Data>
    <Data name='system:index'>
      <value>+8340+5116</value>
    </Data>
    <Data name='health_score'>
      <value>-52</value>
    </Data>
  </ExtendedData>
  <Polygon>
    <outerBoundaryIs>
      <LinearRing>
        <coordinates>77.59553907761804,11.285913186991635 77.59563061080712,11.28591238546084 77.59563142290212,11.28600273043932 77.59553988968607,11.286003531979098 77.59553907761804,11.285913186991635 </coordinates>
      </LinearRing>
    </outerBoundaryIs>
  </Polygon>
</Placemark><Placemark>
  <ExtendedData>
    <Data name='count'>
      <value>1</value>
    </Data>
    <Data name='system:index'>
      <value>+8340+5117</value>
    </Data>
    <Data name='health_score'>
      <value>-53</value>
    </Data>
  </ExtendedData>
  <Polygon>
    <outerBoundaryIs>
      <LinearRing>
        <coordinates>77.59553826555899,11.285822842013156 77.59562979872113,11.28582204048236 77.59563061080712,11.28591238546084 77.59553907761804,11.285913186991635 77.59553826555899,11.285822842013156 </coordinates>
      </LinearRing>
    </outerBoundaryIs>
  </Polygon>
</Placemark><Placemark>
  <ExtendedData>
    <Data name='count'>
      <value>1</value>
    </Data>
    <Data name='system:index'>
      <value>+8340+5118</value>
    </Data>
    <Data name='health_score'>
      <value>-52</value>
    </Data>
  </ExtendedData>
  <Polygon>
    <outerBoundaryIs>
      <LinearRing>
        <coordinates>77.59553745350892,11.285732497025695 77.59562898664412,11.285731695503882 77.59562979872113,11.28582204048236 77.59553826555899,11.285822842013156 77.59553745350892,11.285732497025695 </coordinates>
      </LinearRing>
    </outerBoundaryIs>
  </Polygon>
</Placemark><Placemark>
  <ExtendedData>
    <Data name='count'>
      <value>1</value>
    </Data>
    <Data name='system:index'>
      <value>+8340+5119</value>
    </Data>
    <Data name='health_score'>
      <value>-54</value>
    </Data>
  </ExtendedData>
  <Polygon>
    <outerBoundaryIs>
      <LinearRing>
        <coordinates>77.59553664146783,11.285642152038232 77.5956281745671,11.285641350525403 77.59562898664412,11.285731695503882 77.59553745350892,11.285732497025695 77.59553664146783,11.285642152038232 </coordinates>
      </LinearRing>
    </outerBoundaryIs>
  </Polygon>
</Placemark><Placemark>
  <ExtendedData>
    <Data name='count'>
      <value>2</value>
    </Data>
    <Data name='system:index'>
      <value>+8340+5124</value>
    </Data>
    <Data name='health_score'>
      <value>-60</value>
    </Data>
  </ExtendedData>
  <Polygon>
    <outerBoundaryIs>
      <LinearRing>
        <coordinates>77.59544104838774,11.285191228559853 77.59562411431676,11.285189625624026 77.59562492634886,11.285279970602504 77.59544186037492,11.285281573547314 77.59544104838774,11.285191228559853 </coordinates>
      </LinearRing>
    </outerBoundaryIs>
  </Polygon>
</Placemark><Placemark>
  <ExtendedData>
    <Data name='count'>
      <value>1</value>
    </Data>
    <Data name='system:index'>
      <value>+8340+5126</value>
    </Data>
    <Data name='health_score'>
      <value>-54</value>
    </Data>
  </ExtendedData>
  <Polygon>
    <outerBoundaryIs>
      <LinearRing>
        <coordinates>77.59553095735991,11.285009737125998 77.59562249026153,11.285008935658084 77.59562330228465,11.285099280636564 77.59553176935609,11.28510008211346 77.59553095735991,11.285009737125998 </coordinates>
      </LinearRing>
    </outerBoundaryIs>
  </Polygon>
</Placemark><Placemark>
  <ExtendedData>
    <Data name='count'>
      <value>1</value>
    </Data>
    <Data name='system:index'>
      <value>+8340+5127</value>
    </Data>
    <Data name='health_score'>
      <value>-53</value>
    </Data>
  </ExtendedData>
  <Polygon>
    <outerBoundaryIs>
      <LinearRing>
        <coordinates>77.59553014537272,11.284919392129552 77.5956216782474,11.284918590670623 77.59562249026153,11.285008935658084 77.59553095735991,11.285009737125998 77.59553014537272,11.284919392129552 </coordinates>
      </LinearRing>
    </outerBoundaryIs>
  </Polygon>
</Placemark><Placemark>
  <ExtendedData>
    <Data name='count'>
      <value>1</value>
    </Data>
    <Data name='system:index'>
      <value>+8340+5128</value>
    </Data>
    <Data name='health_score'>
      <value>-55</value>
    </Data>
  </ExtendedData>
  <Polygon>
    <outerBoundaryIs>
      <LinearRing>
        <coordinates>77.59552933339452,11.284829047142091 77.59562086623326,11.284828245692143 77.5956216782474,11.284918590670623 77.59553014537272,11.284919392129552 77.59552933339452,11.284829047142091 </coordinates>
      </LinearRing>
    </outerBoundaryIs>
  </Polygon>
</Placemark><Placemark>
  <ExtendedData>
    <Data name='count'>
      <value>1</value>
    </Data>
    <Data name='system:index'>
      <value>+8340+5130</value>
    </Data>
    <Data name='health_score'>
      <value>-55</value>
    </Data>
  </ExtendedData>
  <Polygon>
    <outerBoundaryIs>
      <LinearRing>
        <coordinates>77.5955277094471,11.284648357158183 77.59561924224093,11.28464755571722 77.5956200542371,11.284737900704682 77.59552852141633,11.284738702154629 77.5955277094471,11.284648357158183 </coordinates>
      </LinearRing>
    </outerBoundaryIs>
  </Polygon>
</Placemark><Placemark>
  <ExtendedData>
    <Data name='count'>
      <value>1</value>
    </Data>
    <Data name='system:index'>
      <value>+8340+5131</value>
    </Data>
    <Data name='health_score'>
      <value>-48</value>
    </Data>
  </ExtendedData>
  <Polygon>
    <outerBoundaryIs>
      <LinearRing>
        <coordinates>77.59552689748686,11.284558012161739 77.59561843025375,11.284557210729757 77.59561924224093,11.28464755571722 77.5955277094471,11.284648357158183 77.59552689748686,11.284558012161739 </coordinates>
      </LinearRing>
    </outerBoundaryIs>
  </Polygon>
</Placemark><Placemark>
  <ExtendedData>
    <Data name='count'>
      <value>2</value>
    </Data>
    <Data name='system:index'>
      <value>+8340+5132</value>
    </Data>
    <Data name='health_score'>
      <value>-47</value>
    </Data>
  </ExtendedData>
  <MultiGeometry>
    <Polygon>
      <outerBoundaryIs>
        <LinearRing>
          <coordinates>77.59561843025375,11.284557210729757 77.59570996300266,11.284556409270827 77.5957107750168,11.284646754249307 77.59561924224093,11.28464755571722 77.59561843025375,11.284557210729757 </coordinates>
        </LinearRing>
      </outerBoundaryIs>
    </Polygon>
    <Polygon>
      <outerBoundaryIs>
        <LinearRing>
          <coordinates>77.59561843025375,11.284557210729757 77.59552689748686,11.284558012161739 77.59552608553561,11.284467667174276 77.59561761826656,11.284466865742296 77.59561843025375,11.284557210729757 </coordinates>
        </LinearRing>
      </outerBoundaryIs>
    </Polygon>
  </MultiGeometry>
</Placemark><Placemark>
  <ExtendedData>
    <Data name='count'>
      <value>2</value>
    </Data>
    <Data name='system:index'>
      <value>+8340+5133</value>
    </Data>
    <Data name='health_score'>
      <value>-56</value>
    </Data>
  </ExtendedData>
  <Polygon>
    <outerBoundaryIs>
      <LinearRing>
        <coordinates>77.59543374088037,11.284378123573878 77.59561680629734,11.284376520754833 77.59561761826656,11.284466865742296 77.59543455280466,11.284468468570324 77.59543374088037,11.284378123573878 </coordinates>
      </LinearRing>
    </outerBoundaryIs>
  </Polygon>
</Placemark><Placemark>
  <ExtendedData>
    <Data name='count'>
      <value>4</value>
    </Data>
    <Data name='system:index'>
      <value>+8340+5135</value>
    </Data>
    <Data name='health_score'>
      <value>-61</value>
    </Data>
  </ExtendedData>
  <MultiGeometry>
    <Polygon>
      <outerBoundaryIs>
        <LinearRing>
          <coordinates>77.59561599432813,11.284286175767372 77.59552446165107,11.284286977181386 77.59552364971779,11.28419663218494 77.5956151823679,11.28419583077991 77.59561599432813,11.284286175767372 </coordinates>
        </LinearRing>
      </outerBoundaryIs>
    </Polygon>
    <Polygon>
      <outerBoundaryIs>
        <LinearRing>
          <coordinates>77.5957998716784,11.28437491782799 77.59589140435544,11.284374116324145 77.59589221641448,11.28446446129364 77.5958006837105,11.284465262806469 77.5957998716784,11.28437491782799 </coordinates>
        </LinearRing>
      </outerBoundaryIs>
    </Polygon>
    <Polygon>
      <outerBoundaryIs>
        <LinearRing>
          <coordinates>77.59561599432813,11.284286175767372 77.59579905965526,11.284284572858494 77.5957998716784,11.28437491782799 77.59561680629734,11.284376520754833 77.59561599432813,11.284286175767372 </coordinates>
        </LinearRing>
      </outerBoundaryIs>
    </Polygon>
  </MultiGeometry>
</Placemark><Placemark>
  <ExtendedData>
    <Data name='count'>
      <value>1</value>
    </Data>
    <Data name='system:index'>
      <value>+8341+5113</value>
    </Data>
    <Data name='health_score'>
      <value>-54</value>
    </Data>
  </ExtendedData>
  <Polygon>
    <outerBoundaryIs>
      <LinearRing>
        <coordinates>77.59563304710106,11.286183420396277 77.595724580371,11.286182618811582 77.5957253925109,11.286272963781078 77.595633859214,11.286273765365772 77.59563304710106,11.286183420396277 </coordinates>
      </LinearRing>
    </outerBoundaryIs>
  </Polygon>
</Placemark><Placemark>
  <ExtendedData>
    <Data name='count'>
      <value>4</value>
    </Data>
    <Data name='system:index'>
      <value>+8341+5114</value>
    </Data>
    <Data name='health_score'>
      <value>-51</value>
    </Data>
  </ExtendedData>
  <MultiGeometry>
    <Polygon>
      <outerBoundaryIs>
        <LinearRing>
          <coordinates>77.59545079261126,11.286275368463295 77.5954516046703,11.286365713450758 77.5953600713285,11.286366514954604 77.5953592592964,11.286276169958159 77.59545079261126,11.286275368463295 </coordinates>
        </LinearRing>
      </outerBoundaryIs>
    </Polygon>
    <Polygon>
      <outerBoundaryIs>
        <LinearRing>
          <coordinates>77.59554151383112,11.286184221945039 77.5955407017541,11.286093876966559 77.59572376824008,11.286092273842087 77.595724580371,11.286182618811582 77.59554151383112,11.286184221945039 </coordinates>
        </LinearRing>
      </outerBoundaryIs>
    </Polygon>
    <Polygon>
      <outerBoundaryIs>
        <LinearRing>
          <coordinates>77.59554151383112,11.286184221945039 77.59554232591712,11.286274566923517 77.59545079261126,11.286275368463295 77.5954499805522,11.286185023466851 77.59554151383112,11.286184221945039 </coordinates>
        </LinearRing>
      </outerBoundaryIs>
    </Polygon>
  </MultiGeometry>
</Placemark><Placemark>
  <ExtendedData>
    <Data name='count'>
      <value>2</value>
    </Data>
    <Data name='system:index'>
      <value>+8341+5117</value>
    </Data>
    <Data name='health_score'>
      <value>-58</value>
    </Data>
  </ExtendedData>
  <Polygon>
    <outerBoundaryIs>
      <LinearRing>
        <coordinates>77.59562979872113,11.28582204048236 77.59572133187429,11.285821238933599 77.59572295610917,11.28600192887259 77.59563142290212,11.28600273043932 77.59562979872113,11.28582204048236 </coordinates>
      </LinearRing>
    </outerBoundaryIs>
  </Polygon>
</Placemark><Placemark>
  <ExtendedData>
    <Data name='count'>
      <value>1</value>
    </Data>
    <Data name='system:index'>
      <value>+8341+5119</value>
    </Data>
    <Data name='health_score'>
      <value>-59</value>
    </Data>
  </ExtendedData>
  <Polygon>
    <outerBoundaryIs>
      <LinearRing>
        <coordinates>77.5956281745671,11.285641350525403 77.59571970766635,11.285640548985624 77.59572051976133,11.28573089395512 77.59562898664412,11.285731695503882 77.5956281745671,11.285641350525403 </coordinates>
      </LinearRing>
    </outerBoundaryIs>
  </Polygon>
</Placemark><Placemark>
  <ExtendedData>
    <Data name='count'>
      <value>1</value>
    </Data>
    <Data name='system:index'>
      <value>+8341+5120</value>
    </Data>
    <Data name='health_score'>
      <value>-62</value>
    </Data>
  </ExtendedData>
  <Polygon>
    <outerBoundaryIs>
      <LinearRing>
        <coordinates>77.59562736250804,11.285551005546925 77.59571889557137,11.285550204016129 77.59571970766635,11.285640548985624 77.5956281745671,11.285641350525403 77.59562736250804,11.285551005546925 </coordinates>
      </LinearRing>
    </outerBoundaryIs>
  </Polygon>
</Placemark><Placemark>
  <ExtendedData>
    <Data name='count'>
      <value>1</value>
    </Data>
    <Data name='system:index'>
      <value>+8341+5121</value>
    </Data>
    <Data name='health_score'>
      <value>-60</value>
    </Data>
  </ExtendedData>
  <Polygon>
    <outerBoundaryIs>
      <LinearRing>
        <coordinates>77.595626550449,11.285460660568445 77.59571808348537,11.28545985903765 77.59571889557137,11.285550204016129 77.59562736250804,11.285551005546925 77.595626550449,11.285460660568445 </coordinates>
      </LinearRing>
    </outerBoundaryIs>
  </Polygon>
</Placemark><Placemark>
  <ExtendedData>
    <Data name='count'>
      <value>8</value>
    </Data>
    <Data name='system:index'>
      <value>+8341+5125</value>
    </Data>
    <Data name='health_score'>
      <value>-58</value>
    </Data>
  </ExtendedData>
  <MultiGeometry>
    <Polygon>
      <outerBoundaryIs>
        <LinearRing>
          <coordinates>77.59571808348537,11.28545985903765 77.59580961651275,11.285459057479905 77.59581042863469,11.285549402449401 77.59571889557137,11.285550204016129 77.59571808348537,11.28545985903765 </coordinates>
        </LinearRing>
      </outerBoundaryIs>
    </Polygon>
    <Polygon>
      <outerBoundaryIs>
        <LinearRing>
          <coordinates>77.59571808348537,11.28545985903765 77.59553501740363,11.285461462072291 77.59553420538052,11.285371117084829 77.59562573839892,11.285370315589967 77.59562411431676,11.285189625624026 77.59553258136123,11.285190427100922 77.59553176935609,11.28510008211346 77.59571483521323,11.2850984791417 77.59571645933133,11.285279169089675 77.59580799230483,11.285278367549896 77.59580880440879,11.285368712519393 77.59571727140835,11.285369514068154 77.59571808348537,11.28545985903765 </coordinates>
        </LinearRing>
      </outerBoundaryIs>
    </Polygon>
  </MultiGeometry>
</Placemark><Placemark>
  <ExtendedData>
    <Data name='count'>
      <value>1</value>
    </Data>
    <Data name='system:index'>
      <value>+8341+5126</value>
    </Data>
    <Data name='health_score'>
      <value>-56</value>
    </Data>
  </ExtendedData>
  <Polygon>
    <outerBoundaryIs>
      <LinearRing>
        <coordinates>77.59562249026153,11.285008935658084 77.59571402315419,11.285008134163222 77.59571483521323,11.2850984791417 77.59562330228465,11.285099280636564 77.59562249026153,11.285008935658084 </coordinates>
      </LinearRing>
    </outerBoundaryIs>
  </Polygon>
</Placemark><Placemark>
  <ExtendedData>
    <Data name='count'>
      <value>2</value>
    </Data>
    <Data name='system:index'>
      <value>+8341+5128</value>
    </Data>
    <Data name='health_score'>
      <value>-52</value>
    </Data>
  </ExtendedData>
  <Polygon>
    <outerBoundaryIs>
      <LinearRing>
        <coordinates>77.59562086623326,11.284828245692143 77.59571239907201,11.284827444206265 77.59571402315419,11.285008134163222 77.59562249026153,11.285008935658084 77.59562086623326,11.284828245692143 </coordinates>
      </LinearRing>
    </outerBoundaryIs>
  </Polygon>
</Placemark><Placemark>
  <ExtendedData>
    <Data name='count'>
      <value>4</value>
    </Data>
    <Data name='system:index'>
      <value>+8341+5130</value>
    </Data>
    <Data name='health_score'>
      <value>-54</value>
    </Data>
  </ExtendedData>
  <MultiGeometry>
    <Polygon>
      <outerBoundaryIs>
        <LinearRing>
          <coordinates>77.59552933339452,11.284829047142091 77.59553014537272,11.284919392129552 77.59543861248906,11.284920193570517 77.59543780053781,11.284829848565089 77.59552933339452,11.284829047142091 </coordinates>
        </LinearRing>
      </outerBoundaryIs>
    </Polygon>
    <Polygon>
      <outerBoundaryIs>
        <LinearRing>
          <coordinates>77.59552933339452,11.284829047142091 77.59552852141633,11.284738702154629 77.5956200542371,11.284737900704682 77.59561924224093,11.28464755571722 77.5957107750168,11.284646754249307 77.59571239907201,11.284827444206265 77.59552933339452,11.284829047142091 </coordinates>
        </LinearRing>
      </outerBoundaryIs>
    </Polygon>
  </MultiGeometry>
</Placemark><Placemark>
  <ExtendedData>
    <Data name='count'>
      <value>1</value>
    </Data>
    <Data name='system:index'>
      <value>+8341+5132</value>
    </Data>
    <Data name='health_score'>
      <value>-44</value>
    </Data>
  </ExtendedData>
  <Polygon>
    <outerBoundaryIs>
      <LinearRing>
        <coordinates>77.59561761826656,11.284466865742296 77.59570915098853,11.284466064292348 77.59570996300266,11.284556409270827 77.59561843025375,11.284557210729757 77.59561761826656,11.284466865742296 </coordinates>
      </LinearRing>
    </outerBoundaryIs>
  </Polygon>
</Placemark><Placemark>
  <ExtendedData>
    <Data name='count'>
      <value>2</value>
    </Data>
    <Data name='system:index'>
      <value>+8341+5133</value>
    </Data>
    <Data name='health_score'>
      <value>-51</value>
    </Data>
  </ExtendedData>
  <MultiGeometry>
    <Polygon>
      <outerBoundaryIs>
        <LinearRing>
          <coordinates>77.59570915098853,11.284466064292348 77.5958006837105,11.284465262806469 77.59580149575157,11.284555607775964 77.59570996300266,11.284556409270827 77.59570915098853,11.284466064292348 </coordinates>
        </LinearRing>
      </outerBoundaryIs>
    </Polygon>
    <Polygon>
      <outerBoundaryIs>
        <LinearRing>
          <coordinates>77.59570915098853,11.284466064292348 77.59561761826656,11.284466865742296 77.59561680629734,11.284376520754833 77.59570833899235,11.284375719304887 77.59570915098853,11.284466064292348 </coordinates>
        </LinearRing>
      </outerBoundaryIs>
    </Polygon>
  </MultiGeometry>
</Placemark><Placemark>
  <ExtendedData>
    <Data name='count'>
      <value>1</value>
    </Data>
    <Data name='system:index'>
      <value>+8342+5112</value>
    </Data>
    <Data name='health_score'>
      <value>-46</value>
    </Data>
  </ExtendedData>
  <Polygon>
    <outerBoundaryIs>
      <LinearRing>
        <coordinates>77.5957253925109,11.286272963781078 77.5958169257988,11.286272162169434 77.59581773797463,11.286362507129947 77.59572620465978,11.286363308750573 77.5957253925109,11.286272963781078 </coordinates>
      </LinearRing>
    </outerBoundaryIs>
  </Polygon>
</Placemark><Placemark>
  <ExtendedData>
    <Data name='count'>
      <value>1</value>
    </Data>
    <Data name='system:index'>
      <value>+8342+5113</value>
    </Data>
    <Data name='health_score'>
      <value>-48</value>
    </Data>
  </ExtendedData>
  <Polygon>
    <outerBoundaryIs>
      <LinearRing>
        <coordinates>77.595724580371,11.286182618811582 77.59581611363195,11.286181817199939 77.5958169257988,11.286272162169434 77.5957253925109,11.286272963781078 77.595724580371,11.286182618811582 </coordinates>
      </LinearRing>
    </outerBoundaryIs>
  </Polygon>
</Placemark><Placemark>
  <ExtendedData>
    <Data name='count'>
      <value>1</value>
    </Data>
    <Data name='system:index'>
      <value>+8342+5115</value>
    </Data>
    <Data name='health_score'>
      <value>-49</value>
    </Data>
  </ExtendedData>
  <Polygon>
    <outerBoundaryIs>
      <LinearRing>
        <coordinates>77.59572295610917,11.28600192887259 77.59581448930723,11.286001127278913 77.59581530146511,11.286091472239425 77.59572376824008,11.286092273842087 77.59572295610917,11.28600192887259 </coordinates>
      </LinearRing>
    </outerBoundaryIs>
  </Polygon>
</Placemark><Placemark>
  <ExtendedData>
    <Data name='count'>
      <value>2</value>
    </Data>
    <Data name='system:index'>
      <value>+8342+5116</value>
    </Data>
    <Data name='health_score'>
      <value>-53</value>
    </Data>
  </ExtendedData>
  <MultiGeometry>
    <Polygon>
      <outerBoundaryIs>
        <LinearRing>
          <coordinates>77.59572295610917,11.28600192887259 77.59572376824008,11.286092273842087 77.5956322349971,11.286093075417797 77.59563142290212,11.28600273043932 77.59572295610917,11.28600192887259 </coordinates>
        </LinearRing>
      </outerBoundaryIs>
    </Polygon>
    <Polygon>
      <outerBoundaryIs>
        <LinearRing>
          <coordinates>77.59572295610917,11.28600192887259 77.59572214398723,11.285911583903095 77.59581367715836,11.285910782309417 77.59581448930723,11.286001127278913 77.59572295610917,11.28600192887259 </coordinates>
        </LinearRing>
      </outerBoundaryIs>
    </Polygon>
  </MultiGeometry>
</Placemark><Placemark>
  <ExtendedData>
    <Data name='count'>
      <value>1</value>
    </Data>
    <Data name='system:index'>
      <value>+8342+5117</value>
    </Data>
    <Data name='health_score'>
      <value>-54</value>
    </Data>
  </ExtendedData>
  <Polygon>
    <outerBoundaryIs>
      <LinearRing>
        <coordinates>77.59572133187429,11.285821238933599 77.59581286501846,11.285820437348905 77.59581367715836,11.285910782309417 77.59572214398723,11.285911583903095 77.59572133187429,11.285821238933599 </coordinates>
      </LinearRing>
    </outerBoundaryIs>
  </Polygon>
</Placemark><Placemark>
  <ExtendedData>
    <Data name='count'>
      <value>1</value>
    </Data>
    <Data name='system:index'>
      <value>+8342+5122</value>
    </Data>
    <Data name='health_score'>
      <value>-57</value>
    </Data>
  </ExtendedData>
  <Polygon>
    <outerBoundaryIs>
      <LinearRing>
        <coordinates>77.59571727140835,11.285369514068154 77.59580880440879,11.285368712519393 77.59580961651275,11.285459057479905 77.59571808348537,11.28545985903765 77.59571727140835,11.285369514068154 </coordinates>
      </LinearRing>
    </outerBoundaryIs>
  </Polygon>
</Placemark><Placemark>
  <ExtendedData>
    <Data name='count'>
      <value>2</value>
    </Data>
    <Data name='system:index'>
      <value>+8342+5125</value>
    </Data>
    <Data name='health_score'>
      <value>-59</value>
    </Data>
  </ExtendedData>
  <Polygon>
    <outerBoundaryIs>
      <LinearRing>
        <coordinates>77.59571483521323,11.2850984791417 77.59580636812385,11.285097677610905 77.59580799230483,11.285278367549896 77.59571645933133,11.285279169089675 77.59571483521323,11.2850984791417 </coordinates>
      </LinearRing>
    </outerBoundaryIs>
  </Polygon>
</Placemark><Placemark>
  <ExtendedData>
    <Data name='count'>
      <value>1</value>
    </Data>
    <Data name='system:index'>
      <value>+8342+5126</value>
    </Data>
    <Data name='health_score'>
      <value>-57</value>
    </Data>
  </ExtendedData>
  <Polygon>
    <outerBoundaryIs>
      <LinearRing>
        <coordinates>77.59571402315419,11.285008134163222 77.59580555604683,11.28500733264141 77.59580636812385,11.285097677610905 77.59571483521323,11.2850984791417 77.59571402315419,11.285008134163222 </coordinates>
      </LinearRing>
    </outerBoundaryIs>
  </Polygon>
</Placemark><Placemark>
  <ExtendedData>
    <Data name='count'>
      <value>1</value>
    </Data>
    <Data name='system:index'>
      <value>+8342+5127</value>
    </Data>
    <Data name='health_score'>
      <value>-54</value>
    </Data>
  </ExtendedData>
  <Polygon>
    <outerBoundaryIs>
      <LinearRing>
        <coordinates>77.5957132111131,11.284917789184743 77.59580474396981,11.28491698766293 77.59580555604683,11.28500733264141 77.59571402315419,11.285008134163222 77.5957132111131,11.284917789184743 </coordinates>
      </LinearRing>
    </outerBoundaryIs>
  </Polygon>
</Placemark><Placemark>
  <ExtendedData>
    <Data name='count'>
      <value>1</value>
    </Data>
    <Data name='system:index'>
      <value>+8342+5129</value>
    </Data>
    <Data name='health_score'>
      <value>-57</value>
    </Data>
  </ExtendedData>
  <Polygon>
    <outerBoundaryIs>
      <LinearRing>
        <coordinates>77.59571158703992,11.284737099227785 77.59580311984273,11.284736297723938 77.59580393190177,11.284826642693435 77.59571239907201,11.284827444206265 77.59571158703992,11.284737099227785 </coordinates>
      </LinearRing>
    </outerBoundaryIs>
  </Polygon>
</Placemark><Placemark>
  <ExtendedData>
    <Data name='count'>
      <value>1</value>
    </Data>
    <Data name='system:index'>
      <value>+8342+5130</value>
    </Data>
    <Data name='health_score'>
      <value>-58</value>
    </Data>
  </ExtendedData>
  <Polygon>
    <outerBoundaryIs>
      <LinearRing>
        <coordinates>77.5957107750168,11.284646754249307 77.59580230779265,11.284645952754444 77.59580311984273,11.284736297723938 77.59571158703992,11.284737099227785 77.5957107750168,11.284646754249307 </coordinates>
      </LinearRing>
    </outerBoundaryIs>
  </Polygon>
</Placemark><Placemark>
  <ExtendedData>
    <Data name='count'>
      <value>1</value>
    </Data>
    <Data name='system:index'>
      <value>+8342+5131</value>
    </Data>
    <Data name='health_score'>
      <value>-53</value>
    </Data>
  </ExtendedData>
  <Polygon>
    <outerBoundaryIs>
      <LinearRing>
        <coordinates>77.59570996300266,11.284556409270827 77.59580149575157,11.284555607775964 77.59580230779265,11.284645952754444 77.5957107750168,11.284646754249307 77.59570996300266,11.284556409270827 </coordinates>
      </LinearRing>
    </outerBoundaryIs>
  </Polygon>
</Placemark><Placemark>
  <ExtendedData>
    <Data name='count'>
      <value>1</value>
    </Data>
    <Data name='system:index'>
      <value>+8342+5133</value>
    </Data>
    <Data name='health_score'>
      <value>-56</value>
    </Data>
  </ExtendedData>
  <Polygon>
    <outerBoundaryIs>
      <LinearRing>
        <coordinates>77.59570833899235,11.284375719304887 77.5957998716784,11.28437491782799 77.5958006837105,11.284465262806469 77.59570915098853,11.284466064292348 77.59570833899235,11.284375719304887 </coordinates>
      </LinearRing>
    </outerBoundaryIs>
  </Polygon>
</Placemark><Placemark>
  <ExtendedData>
    <Data name='count'>
      <value>2</value>
    </Data>
    <Data name='system:index'>
      <value>+8342+5135</value>
    </Data>
    <Data name='health_score'>
      <value>-63</value>
    </Data>
  </ExtendedData>
  <Polygon>
    <outerBoundaryIs>
      <LinearRing>
        <coordinates>77.5956151823679,11.28419583077991 77.59579824763215,11.284194227880015 77.59579905965526,11.284284572858494 77.59561599432813,11.284286175767372 77.5956151823679,11.28419583077991 </coordinates>
      </LinearRing>
    </outerBoundaryIs>
  </Polygon>
</Placemark><Placemark>
  <ExtendedData>
    <Data name='count'>
      <value>1</value>
    </Data>
    <Data name='system:index'>
      <value>+8343+5112</value>
    </Data>
    <Data name='health_score'>
      <value>-41</value>
    </Data>
  </ExtendedData>
  <Polygon>
    <outerBoundaryIs>
      <LinearRing>
        <coordinates>77.5958169257988,11.286272162169434 77.59590845907772,11.286271360521857 77.59590927128949,11.286361705473388 77.59581773797463,11.286362507129947 77.5958169257988,11.286272162169434 </coordinates>
      </LinearRing>
    </outerBoundaryIs>
  </Polygon>
</Placemark><Placemark>
  <ExtendedData>
    <Data name='count'>
      <value>2</value>
    </Data>
    <Data name='system:index'>
      <value>+8343+5114</value>
    </Data>
    <Data name='health_score'>
      <value>-47</value>
    </Data>
  </ExtendedData>
  <Polygon>
    <outerBoundaryIs>
      <LinearRing>
        <coordinates>77.59572376824008,11.286092273842087 77.59590683469013,11.286090670609816 77.59590764688392,11.286181015561345 77.595724580371,11.286182618811582 77.59572376824008,11.286092273842087 </coordinates>
      </LinearRing>
    </outerBoundaryIs>
  </Polygon>
</Placemark><Placemark>
  <ExtendedData>
    <Data name='count'>
      <value>1</value>
    </Data>
    <Data name='system:index'>
      <value>+8343+5116</value>
    </Data>
    <Data name='health_score'>
      <value>-48</value>
    </Data>
  </ExtendedData>
  <Polygon>
    <outerBoundaryIs>
      <LinearRing>
        <coordinates>77.59581367715836,11.285910782309417 77.59590521032948,11.285909980697774 77.5959060225053,11.286000325649303 77.59581448930723,11.286001127278913 77.59581367715836,11.285910782309417 </coordinates>
      </LinearRing>
    </outerBoundaryIs>
  </Polygon>
</Placemark><Placemark>
  <ExtendedData>
    <Data name='count'>
      <value>3</value>
    </Data>
    <Data name='system:index'>
      <value>+8343+5119</value>
    </Data>
    <Data name='health_score'>
      <value>-56</value>
    </Data>
  </ExtendedData>
  <MultiGeometry>
    <Polygon>
      <outerBoundaryIs>
        <LinearRing>
          <coordinates>77.59572051976133,11.28573089395512 77.59572133187429,11.285821238933599 77.59562979872113,11.28582204048236 77.59562898664412,11.285731695503882 77.59572051976133,11.28573089395512 </coordinates>
        </LinearRing>
      </outerBoundaryIs>
    </Polygon>
    <Polygon>
      <outerBoundaryIs>
        <LinearRing>
          <coordinates>77.59572051976133,11.28573089395512 77.59571970766635,11.285640548985624 77.59590277383792,11.285638945816237 77.59590358598679,11.285729290776748 77.59572051976133,11.28573089395512 </coordinates>
        </LinearRing>
      </outerBoundaryIs>
    </Polygon>
  </MultiGeometry>
</Placemark><Placemark>
  <ExtendedData>
    <Data name='count'>
      <value>2</value>
    </Data>
    <Data name='system:index'>
      <value>+8343+5125</value>
    </Data>
    <Data name='health_score'>
      <value>-61</value>
    </Data>
  </ExtendedData>
  <Polygon>
    <outerBoundaryIs>
      <LinearRing>
        <coordinates>77.59580636812385,11.285097677610905 77.59589790103445,11.28509687605316 77.59589952526933,11.285277565974186 77.59580799230483,11.285278367549896 77.59580636812385,11.285097677610905 </coordinates>
      </LinearRing>
    </outerBoundaryIs>
  </Polygon>
</Placemark><Placemark>
  <ExtendedData>
    <Data name='count'>
      <value>1</value>
    </Data>
    <Data name='system:index'>
      <value>+8343+5126</value>
    </Data>
    <Data name='health_score'>
      <value>-60</value>
    </Data>
  </ExtendedData>
  <Polygon>
    <outerBoundaryIs>
      <LinearRing>
        <coordinates>77.59580555604683,11.28500733264141 77.59589708893049,11.285006531083665 77.59589790103445,11.28509687605316 77.59580636812385,11.285097677610905 77.59580555604683,11.28500733264141 </coordinates>
      </LinearRing>
    </outerBoundaryIs>
  </Polygon>
</Placemark><Placemark>
  <ExtendedData>
    <Data name='count'>
      <value>1</value>
    </Data>
    <Data name='system:index'>
      <value>+8343+5127</value>
    </Data>
    <Data name='health_score'>
      <value>-58</value>
    </Data>
  </ExtendedData>
  <Polygon>
    <outerBoundaryIs>
      <LinearRing>
        <coordinates>77.59580474396981,11.28491698766293 77.59589627682652,11.284916186123152 77.59589708893049,11.285006531083665 77.59580555604683,11.28500733264141 77.59580474396981,11.28491698766293 </coordinates>
      </LinearRing>
    </outerBoundaryIs>
  </Polygon>
</Placemark><Placemark>
  <ExtendedData>
    <Data name='count'>
      <value>2</value>
    </Data>
    <Data name='system:index'>
      <value>+8343+5128</value>
    </Data>
    <Data name='health_score'>
      <value>-55</value>
    </Data>
  </ExtendedData>
  <Polygon>
    <outerBoundaryIs>
      <LinearRing>
        <coordinates>77.59571239907201,11.284827444206265 77.59589546473154,11.284825841153657 77.59589627682652,11.284916186123152 77.5957132111131,11.284917789184743 77.59571239907201,11.284827444206265 </coordinates>
      </LinearRing>
    </outerBoundaryIs>
  </Polygon>
</Placemark><Placemark>
  <ExtendedData>
    <Data name='count'>
      <value>1</value>
    </Data>
    <Data name='system:index'>
      <value>+8343+5129</value>
    </Data>
    <Data name='health_score'>
      <value>-54</value>
    </Data>
  </ExtendedData>
  <Polygon>
    <outerBoundaryIs>
      <LinearRing>
        <coordinates>77.59580311984273,11.284736297723938 77.59589465263656,11.284735496193143 77.59589546473154,11.284825841153657 77.59580393190177,11.284826642693435 77.59580311984273,11.284736297723938 </coordinates>
      </LinearRing>
    </outerBoundaryIs>
  </Polygon>
</Placemark><Placemark>
  <ExtendedData>
    <Data name='count'>
      <value>2</value>
    </Data>
    <Data name='system:index'>
      <value>+8343+5131</value>
    </Data>
    <Data name='health_score'>
      <value>-55</value>
    </Data>
  </ExtendedData>
  <Polygon>
    <outerBoundaryIs>
      <LinearRing>
        <coordinates>77.59580149575157,11.284555607775964 77.59589302848252,11.284554806263136 77.59589465263656,11.284735496193143 77.59580311984273,11.284736297723938 77.59580149575157,11.284555607775964 </coordinates>
      </LinearRing>
    </outerBoundaryIs>
  </Polygon>
</Placemark><Placemark>
  <ExtendedData>
    <Data name='count'>
      <value>1</value>
    </Data>
    <Data name='system:index'>
      <value>+8343+5132</value>
    </Data>
    <Data name='health_score'>
      <value>-57</value>
    </Data>
  </ExtendedData>
  <Polygon>
    <outerBoundaryIs>
      <LinearRing>
        <coordinates>77.5958006837105,11.284465262806469 77.59589221641448,11.28446446129364 77.59589302848252,11.284554806263136 77.59580149575157,11.284555607775964 77.5958006837105,11.284465262806469 </coordinates>
      </LinearRing>
    </outerBoundaryIs>
  </Polygon>
</Placemark><Placemark>
  <ExtendedData>
    <Data name='count'>
      <value>1</value>
    </Data>
    <Data name='system:index'>
      <value>+8343+5134</value>
    </Data>
    <Data name='health_score'>
      <value>-64</value>
    </Data>
  </ExtendedData>
  <Polygon>
    <outerBoundaryIs>
      <LinearRing>
        <coordinates>77.59579905965526,11.284284572858494 77.59589059230537,11.284283771354648 77.59589140435544,11.284374116324145 77.5957998716784,11.28437491782799 77.59579905965526,11.284284572858494 </coordinates>
      </LinearRing>
    </outerBoundaryIs>
  </Polygon>
</Placemark><Placemark>
  <ExtendedData>
    <Data name='count'>
      <value>1</value>
    </Data>
    <Data name='system:index'>
      <value>+8343+5135</value>
    </Data>
    <Data name='health_score'>
      <value>-65</value>
    </Data>
  </ExtendedData>
  <Polygon>
    <outerBoundaryIs>
      <LinearRing>
        <coordinates>77.59579824763215,11.284194227880015 77.5958897802553,11.284193426385153 77.59589059230537,11.284283771354648 77.59579905965526,11.284284572858494 77.59579824763215,11.284194227880015 </coordinates>
      </LinearRing>
    </outerBoundaryIs>
  </Polygon>
</Placemark><Placemark>
  <ExtendedData>
    <Data name='count'>
      <value>3</value>
    </Data>
    <Data name='system:index'>
      <value>+8344+5113</value>
    </Data>
    <Data name='health_score'>
      <value>-43</value>
    </Data>
  </ExtendedData>
  <Polygon>
    <outerBoundaryIs>
      <LinearRing>
        <coordinates>77.59581611363195,11.286181817199939 77.59599918012691,11.286180213895802 77.59600080458637,11.286360903798862 77.59590927128949,11.286361705473388 77.59590845907772,11.286271360521857 77.5958169257988,11.286272162169434 77.59581611363195,11.286181817199939 </coordinates>
      </LinearRing>
    </outerBoundaryIs>
  </Polygon>
</Placemark><Placemark>
  <ExtendedData>
    <Data name='count'>
      <value>1</value>
    </Data>
    <Data name='system:index'>
      <value>+8344+5114</value>
    </Data>
    <Data name='health_score'>
      <value>-52</value>
    </Data>
  </ExtendedData>
  <Polygon>
    <outerBoundaryIs>
      <LinearRing>
        <coordinates>77.59590683469013,11.286090670609816 77.59599836790616,11.286089868953256 77.59599918012691,11.286180213895802 77.59590764688392,11.286181015561345 77.59590683469013,11.286090670609816 </coordinates>
      </LinearRing>
    </outerBoundaryIs>
  </Polygon>
</Placemark><Placemark>
  <ExtendedData>
    <Data name='count'>
      <value>1</value>
    </Data>
    <Data name='system:index'>
      <value>+8344+5116</value>
    </Data>
    <Data name='health_score'>
      <value>-47</value>
    </Data>
  </ExtendedData>
  <Polygon>
    <outerBoundaryIs>
      <LinearRing>
        <coordinates>77.59590521032948,11.285909980697774 77.59599674348263,11.285909179050197 77.5959975556944,11.285999524001726 77.5959060225053,11.286000325649303 77.59590521032948,11.285909980697774 </coordinates>
      </LinearRing>
    </outerBoundaryIs>
  </Polygon>
</Placemark><Placemark>
  <ExtendedData>
    <Data name='count'>
      <value>1</value>
    </Data>
    <Data name='system:index'>
      <value>+8344+5117</value>
    </Data>
    <Data name='health_score'>
      <value>-50</value>
    </Data>
  </ExtendedData>
  <Polygon>
    <outerBoundaryIs>
      <LinearRing>
        <coordinates>77.59590439815365,11.285819635737262 77.59599593128884,11.285818834098668 77.59599674348263,11.285909179050197 77.59590521032948,11.285909980697774 77.59590439815365,11.285819635737262 </coordinates>
      </LinearRing>
    </outerBoundaryIs>
  </Polygon>
</Placemark><Placemark>
  <ExtendedData>
    <Data name='count'>
      <value>1</value>
    </Data>
    <Data name='system:index'>
      <value>+8344+5119</value>
    </Data>
    <Data name='health_score'>
      <value>-53</value>
    </Data>
  </ExtendedData>
  <Polygon>
    <outerBoundaryIs>
      <LinearRing>
        <coordinates>77.59590277383792,11.285638945816237 77.59599430691023,11.285638144195609 77.59599511909504,11.285728489147138 77.59590358598679,11.285729290776748 77.59590277383792,11.285638945816237 </coordinates>
      </LinearRing>
    </outerBoundaryIs>
  </Polygon>
</Placemark><Placemark>
  <ExtendedData>
    <Data name='count'>
      <value>3</value>
    </Data>
    <Data name='system:index'>
      <value>+8344+5120</value>
    </Data>
    <Data name='health_score'>
      <value>-61</value>
    </Data>
  </ExtendedData>
  <Polygon>
    <outerBoundaryIs>
      <LinearRing>
        <coordinates>77.59571889557137,11.285550204016129 77.5959934947254,11.285547799235097 77.59599430691023,11.285638144195609 77.59571970766635,11.285640548985624 77.59571889557137,11.285550204016129 </coordinates>
      </LinearRing>
    </outerBoundaryIs>
  </Polygon>
</Placemark><Placemark>
  <ExtendedData>
    <Data name='count'>
      <value>1</value>
    </Data>
    <Data name='system:index'>
      <value>+8344+5121</value>
    </Data>
    <Data name='health_score'>
      <value>-64</value>
    </Data>
  </ExtendedData>
  <Polygon>
    <outerBoundaryIs>
      <LinearRing>
        <coordinates>77.59590114954015,11.285458255895211 77.59599268255856,11.285457454283566 77.5959934947254,11.285547799235097 77.59590196168006,11.285548600855723 77.59590114954015,11.285458255895211 </coordinates>
      </LinearRing>
    </outerBoundaryIs>
  </Polygon>
</Placemark><Placemark>
  <ExtendedData>
    <Data name='count'>
      <value>2</value>
    </Data>
    <Data name='system:index'>
      <value>+8344+5122</value>
    </Data>
    <Data name='health_score'>
      <value>-63</value>
    </Data>
  </ExtendedData>
  <MultiGeometry>
    <Polygon>
      <outerBoundaryIs>
        <LinearRing>
          <coordinates>77.59590114954015,11.285458255895211 77.59590196168006,11.285548600855723 77.59581042863469,11.285549402449401 77.59580961651275,11.285459057479905 77.59590114954015,11.285458255895211 </coordinates>
        </LinearRing>
      </outerBoundaryIs>
    </Polygon>
    <Polygon>
      <outerBoundaryIs>
        <LinearRing>
          <coordinates>77.59590114954015,11.285458255895211 77.59590033740025,11.285367910934697 77.59599187039171,11.285367109332038 77.59599268255856,11.285457454283566 77.59590114954015,11.285458255895211 </coordinates>
        </LinearRing>
      </outerBoundaryIs>
    </Polygon>
  </MultiGeometry>
</Placemark><Placemark>
  <ExtendedData>
    <Data name='count'>
      <value>3</value>
    </Data>
    <Data name='system:index'>
      <value>+8344+5124</value>
    </Data>
    <Data name='health_score'>
      <value>-62</value>
    </Data>
  </ExtendedData>
  <MultiGeometry>
    <Polygon>
      <outerBoundaryIs>
        <LinearRing>
          <coordinates>77.59589952526933,11.285277565974186 77.59590114954015,11.285458255895211 77.59580961651275,11.285459057479905 77.59580799230483,11.285278367549896 77.59589952526933,11.285277565974186 </coordinates>
        </LinearRing>
      </outerBoundaryIs>
    </Polygon>
    <Polygon>
      <outerBoundaryIs>
        <LinearRing>
          <coordinates>77.59589952526933,11.285277565974186 77.5958987131474,11.285187221013674 77.59599024608497,11.285186419419995 77.59599105823385,11.285276764371526 77.59589952526933,11.285277565974186 </coordinates>
        </LinearRing>
      </outerBoundaryIs>
    </Polygon>
  </MultiGeometry>
</Placemark><Placemark>
  <ExtendedData>
    <Data name='count'>
      <value>1</value>
    </Data>
    <Data name='system:index'>
      <value>+8344+5125</value>
    </Data>
    <Data name='health_score'>
      <value>-58</value>
    </Data>
  </ExtendedData>
  <Polygon>
    <outerBoundaryIs>
      <LinearRing>
        <coordinates>77.59589790103445,11.28509687605316 77.59598943393608,11.285096074459483 77.59599024608497,11.285186419419995 77.5958987131474,11.285187221013674 77.59589790103445,11.28509687605316 </coordinates>
      </LinearRing>
    </outerBoundaryIs>
  </Polygon>
</Placemark><Placemark>
  <ExtendedData>
    <Data name='count'>
      <value>2</value>
    </Data>
    <Data name='system:index'>
      <value>+8344+5126</value>
    </Data>
    <Data name='health_score'>
      <value>-59</value>
    </Data>
  </ExtendedData>
  <MultiGeometry>
    <Polygon>
      <outerBoundaryIs>
        <LinearRing>
          <coordinates>77.59598943393608,11.285096074459483 77.59608096682872,11.285095272847839 77.59608177900456,11.28518561779937 77.59599024608497,11.285186419419995 77.59598943393608,11.285096074459483 </coordinates>
        </LinearRing>
      </outerBoundaryIs>
    </Polygon>
    <Polygon>
      <outerBoundaryIs>
        <LinearRing>
          <coordinates>77.59598943393608,11.285096074459483 77.59589790103445,11.28509687605316 77.59589708893049,11.285006531083665 77.59598862179618,11.285005729507953 77.59598943393608,11.285096074459483 </coordinates>
        </LinearRing>
      </outerBoundaryIs>
    </Polygon>
  </MultiGeometry>
</Placemark><Placemark>
  <ExtendedData>
    <Data name='count'>
      <value>1</value>
    </Data>
    <Data name='system:index'>
      <value>+8344+5128</value>
    </Data>
    <Data name='health_score'>
      <value>-44</value>
    </Data>
  </ExtendedData>
  <Polygon>
    <outerBoundaryIs>
      <LinearRing>
        <coordinates>77.59589546473154,11.284825841153657 77.59598699754333,11.284825039586929 77.59598780966526,11.28491538454744 77.59589627682652,11.284916186123152 77.59589546473154,11.284825841153657 </coordinates>
      </LinearRing>
    </outerBoundaryIs>
  </Polygon>
</Placemark><Placemark>
  <ExtendedData>
    <Data name='count'>
      <value>1</value>
    </Data>
    <Data name='system:index'>
      <value>+8344+5129</value>
    </Data>
    <Data name='health_score'>
      <value>-39</value>
    </Data>
  </ExtendedData>
  <Polygon>
    <outerBoundaryIs>
      <LinearRing>
        <coordinates>77.59589465263656,11.284735496193143 77.59598618543039,11.284734694635398 77.59598699754333,11.284825039586929 77.59589546473154,11.284825841153657 77.59589465263656,11.284735496193143 </coordinates>
      </LinearRing>
    </outerBoundaryIs>
  </Polygon>
</Placemark><Placemark>
  <ExtendedData>
    <Data name='count'>
      <value>1</value>
    </Data>
    <Data name='system:index'>
      <value>+8344+5130</value>
    </Data>
    <Data name='health_score'>
      <value>-41</value>
    </Data>
  </ExtendedData>
  <Polygon>
    <outerBoundaryIs>
      <LinearRing>
        <coordinates>77.59589384055954,11.284645151223648 77.59598537331743,11.284644349674886 77.59598618543039,11.284734694635398 77.59589465263656,11.284735496193143 77.59589384055954,11.284645151223648 </coordinates>
      </LinearRing>
    </outerBoundaryIs>
  </Polygon>
</Placemark><Placemark>
  <ExtendedData>
    <Data name='count'>
      <value>1</value>
    </Data>
    <Data name='system:index'>
      <value>+8344+5131</value>
    </Data>
    <Data name='health_score'>
      <value>-42</value>
    </Data>
  </ExtendedData>
  <Polygon>
    <outerBoundaryIs>
      <LinearRing>
        <coordinates>77.59589302848252,11.284554806263136 77.59598456121347,11.284554004714373 77.59598537331743,11.284644349674886 77.59589384055954,11.284645151223648 77.59589302848252,11.284554806263136 </coordinates>
      </LinearRing>
    </outerBoundaryIs>
  </Polygon>
</Placemark><Placemark>
  <ExtendedData>
    <Data name='count'>
      <value>1</value>
    </Data>
    <Data name='system:index'>
      <value>+8344+5132</value>
    </Data>
    <Data name='health_score'>
      <value>-50</value>
    </Data>
  </ExtendedData>
  <Polygon>
    <outerBoundaryIs>
      <LinearRing>
        <coordinates>77.59589221641448,11.28446446129364 77.59598374911849,11.284463659753861 77.59598456121347,11.284554004714373 77.59589302848252,11.284554806263136 77.59589221641448,11.28446446129364 </coordinates>
      </LinearRing>
    </outerBoundaryIs>
  </Polygon>
</Placemark><Placemark>
  <ExtendedData>
    <Data name='count'>
      <value>1</value>
    </Data>
    <Data name='system:index'>
      <value>+8344+5133</value>
    </Data>
    <Data name='health_score'>
      <value>-63</value>
    </Data>
  </ExtendedData>
  <Polygon>
    <outerBoundaryIs>
      <LinearRing>
        <coordinates>77.59589140435544,11.284374116324145 77.59598293703249,11.28437331479335 77.59598374911849,11.284463659753861 77.59589221641448,11.28446446129364 77.59589140435544,11.284374116324145 </coordinates>
      </LinearRing>
    </outerBoundaryIs>
  </Polygon>
</Placemark><Placemark>
  <ExtendedData>
    <Data name='count'>
      <value>2</value>
    </Data>
    <Data name='system:index'>
      <value>+8344+5135</value>
    </Data>
    <Data name='health_score'>
      <value>-66</value>
    </Data>
  </ExtendedData>
  <Polygon>
    <outerBoundaryIs>
      <LinearRing>
        <coordinates>77.5958897802553,11.284193426385153 77.59598131287845,11.28419262486334 77.59598293703249,11.28437331479335 77.59589140435544,11.284374116324145 77.5958897802553,11.284193426385153 </coordinates>
      </LinearRing>
    </outerBoundaryIs>
  </Polygon>
</Placemark><Placemark>
  <ExtendedData>
    <Data name='count'>
      <value>2</value>
    </Data>
    <Data name='system:index'>
      <value>+8345+5113</value>
    </Data>
    <Data name='health_score'>
      <value>-44</value>
    </Data>
  </ExtendedData>
  <Polygon>
    <outerBoundaryIs>
      <LinearRing>
        <coordinates>77.59599918012691,11.286180213895802 77.59609071336989,11.28617941220331 77.59609233788325,11.286360102088404 77.59600080458637,11.286360903798862 77.59599918012691,11.286180213895802 </coordinates>
      </LinearRing>
    </outerBoundaryIs>
  </Polygon>
</Placemark><Placemark>
  <ExtendedData>
    <Data name='count'>
      <value>6</value>
    </Data>
    <Data name='system:index'>
      <value>+8345+5119</value>
    </Data>
    <Data name='health_score'>
      <value>-51</value>
    </Data>
  </ExtendedData>
  <Polygon>
    <outerBoundaryIs>
      <LinearRing>
        <coordinates>77.59572051976133,11.28573089395512 77.59599511909504,11.285728489147138 77.59599430691023,11.285638144195609 77.59608583997354,11.285637342539049 77.59608746441504,11.285818032433125 77.59590439815365,11.285819635737262 77.59590521032948,11.285909980697774 77.59581367715836,11.285910782309417 77.59581286501846,11.285820437348905 77.59572133187429,11.285821238933599 77.59572051976133,11.28573089395512 </coordinates>
      </LinearRing>
    </outerBoundaryIs>
  </Polygon>
</Placemark><Placemark>
  <ExtendedData>
    <Data name='count'>
      <value>1</value>
    </Data>
    <Data name='system:index'>
      <value>+8345+5122</value>
    </Data>
    <Data name='health_score'>
      <value>-61</value>
    </Data>
  </ExtendedData>
  <Polygon>
    <outerBoundaryIs>
      <LinearRing>
        <coordinates>77.59599187039171,11.285367109332038 77.59608340337418,11.285366307693444 77.59608421556798,11.285456652644974 77.59599268255856,11.285457454283566 77.59599187039171,11.285367109332038 </coordinates>
      </LinearRing>
    </outerBoundaryIs>
  </Polygon>
</Placemark><Placemark>
  <ExtendedData>
    <Data name='count'>
      <value>4</value>
    </Data>
    <Data name='system:index'>
      <value>+8345+5127</value>
    </Data>
    <Data name='health_score'>
      <value>-56</value>
    </Data>
  </ExtendedData>
  <Polygon>
    <outerBoundaryIs>
      <LinearRing>
        <coordinates>77.59589627682652,11.284916186123152 77.59607934250401,11.284914582944781 77.59608015467086,11.28500492789631 77.59617168752757,11.285004126257716 77.59617249972138,11.285094471209247 77.59598943393608,11.285096074459483 77.59598862179618,11.285005729507953 77.59589708893049,11.285006531083665 77.59589627682652,11.284916186123152 </coordinates>
      </LinearRing>
    </outerBoundaryIs>
  </Polygon>
</Placemark><Placemark>
  <ExtendedData>
    <Data name='count'>
      <value>1</value>
    </Data>
    <Data name='system:index'>
      <value>+8345+5128</value>
    </Data>
    <Data name='health_score'>
      <value>-49</value>
    </Data>
  </ExtendedData>
  <Polygon>
    <outerBoundaryIs>
      <LinearRing>
        <coordinates>77.59598699754333,11.284825039586929 77.59607853035513,11.28482423799325 77.59607934250401,11.284914582944781 77.59598780966526,11.28491538454744 77.59598699754333,11.284825039586929 </coordinates>
      </LinearRing>
    </outerBoundaryIs>
  </Polygon>
</Placemark><Placemark>
  <ExtendedData>
    <Data name='count'>
      <value>1</value>
    </Data>
    <Data name='system:index'>
      <value>+8345+5129</value>
    </Data>
    <Data name='health_score'>
      <value>-48</value>
    </Data>
  </ExtendedData>
  <Polygon>
    <outerBoundaryIs>
      <LinearRing>
        <coordinates>77.59598618543039,11.284734694635398 77.59607771820625,11.284733893041722 77.59607853035513,11.28482423799325 77.59598699754333,11.284825039586929 77.59598618543039,11.284734694635398 </coordinates>
      </LinearRing>
    </outerBoundaryIs>
  </Polygon>
</Placemark><Placemark>
  <ExtendedData>
    <Data name='count'>
      <value>1</value>
    </Data>
    <Data name='system:index'>
      <value>+8345+5130</value>
    </Data>
    <Data name='health_score'>
      <value>-51</value>
    </Data>
  </ExtendedData>
  <Polygon>
    <outerBoundaryIs>
      <LinearRing>
        <coordinates>77.59598537331743,11.284644349674886 77.59607690607533,11.284643548090193 77.59607771820625,11.284733893041722 77.59598618543039,11.284734694635398 77.59598537331743,11.284644349674886 </coordinates>
      </LinearRing>
    </outerBoundaryIs>
  </Polygon>
</Placemark><Placemark>
  <ExtendedData>
    <Data name='count'>
      <value>1</value>
    </Data>
    <Data name='system:index'>
      <value>+8345+5131</value>
    </Data>
    <Data name='health_score'>
      <value>-48</value>
    </Data>
  </ExtendedData>
  <Polygon>
    <outerBoundaryIs>
      <LinearRing>
        <coordinates>77.59598456121347,11.284554004714373 77.59607609394442,11.284553203138662 77.59607690607533,11.284643548090193 77.59598537331743,11.284644349674886 77.59598456121347,11.284554004714373 </coordinates>
      </LinearRing>
    </outerBoundaryIs>
  </Polygon>
</Placemark><Placemark>
  <ExtendedData>
    <Data name='count'>
      <value>1</value>
    </Data>
    <Data name='system:index'>
      <value>+8345+5132</value>
    </Data>
    <Data name='health_score'>
      <value>-51</value>
    </Data>
  </ExtendedData>
  <Polygon>
    <outerBoundaryIs>
      <LinearRing>
        <coordinates>77.59598374911849,11.284463659753861 77.5960752818135,11.284462858187133 77.59607609394442,11.284553203138662 77.59598456121347,11.284554004714373 77.59598374911849,11.284463659753861 </coordinates>
      </LinearRing>
    </outerBoundaryIs>
  </Polygon>
</Placemark><Placemark>
  <ExtendedData>
    <Data name='count'>
      <value>1</value>
    </Data>
    <Data name='system:index'>
      <value>+8345+5133</value>
    </Data>
    <Data name='health_score'>
      <value>-61</value>
    </Data>
  </ExtendedData>
  <Polygon>
    <outerBoundaryIs>
      <LinearRing>
        <coordinates>77.59598293703249,11.28437331479335 77.59607446970055,11.28437251322662 77.5960752818135,11.284462858187133 77.59598374911849,11.284463659753861 77.59598293703249,11.28437331479335 </coordinates>
      </LinearRing>
    </outerBoundaryIs>
  </Polygon>
</Placemark><Placemark>
  <ExtendedData>
    <Data name='count'>
      <value>2</value>
    </Data>
    <Data name='system:index'>
      <value>+8345+5135</value>
    </Data>
    <Data name='health_score'>
      <value>-65</value>
    </Data>
  </ExtendedData>
  <Polygon>
    <outerBoundaryIs>
      <LinearRing>
        <coordinates>77.59598131287845,11.28419262486334 77.59607284548363,11.284191823314579 77.59607446970055,11.28437251322662 77.59598293703249,11.28437331479335 77.59598131287845,11.28419262486334 </coordinates>
      </LinearRing>
    </outerBoundaryIs>
  </Polygon>
</Placemark><Placemark>
  <ExtendedData>
    <Data name='count'>
      <value>1</value>
    </Data>
    <Data name='system:index'>
      <value>+8346+5117</value>
    </Data>
    <Data name='health_score'>
      <value>-47</value>
    </Data>
  </ExtendedData>
  <Polygon>
    <outerBoundaryIs>
      <LinearRing>
        <coordinates>77.59608746441504,11.285818032433125 77.59617899753226,11.28581723073165 77.59617980978895,11.285907575674196 77.59608827663578,11.285908377375671 77.59608746441504,11.285818032433125 </coordinates>
      </LinearRing>
    </outerBoundaryIs>
  </Polygon>
</Placemark><Placemark>
  <ExtendedData>
    <Data name='count'>
      <value>2</value>
    </Data>
    <Data name='system:index'>
      <value>+8346+5118</value>
    </Data>
    <Data name='health_score'>
      <value>-48</value>
    </Data>
  </ExtendedData>
  <MultiGeometry>
    <Polygon>
      <outerBoundaryIs>
        <LinearRing>
          <coordinates>77.59608746441504,11.285818032433125 77.59608827663578,11.285908377375671 77.59599674348263,11.285909179050197 77.59599593128884,11.285818834098668 77.59608746441504,11.285818032433125 </coordinates>
        </LinearRing>
      </outerBoundaryIs>
    </Polygon>
    <Polygon>
      <outerBoundaryIs>
        <LinearRing>
          <coordinates>77.59608746441504,11.285818032433125 77.5960866521853,11.285727687481597 77.59617818527559,11.285726885798086 77.59617899753226,11.28581723073165 77.59608746441504,11.285818032433125 </coordinates>
        </LinearRing>
      </outerBoundaryIs>
    </Polygon>
  </MultiGeometry>
</Placemark><Placemark>
  <ExtendedData>
    <Data name='count'>
      <value>2</value>
    </Data>
    <Data name='system:index'>
      <value>+8346+5121</value>
    </Data>
    <Data name='health_score'>
      <value>-62</value>
    </Data>
  </ExtendedData>
  <Polygon>
    <outerBoundaryIs>
      <LinearRing>
        <coordinates>77.59599268255856,11.285457454283566 77.59617574856843,11.285455850970449 77.59617656079816,11.285546195912994 77.5959934947254,11.285547799235097 77.59599268255856,11.285457454283566 </coordinates>
      </LinearRing>
    </outerBoundaryIs>
  </Polygon>
</Placemark><Placemark>
  <ExtendedData>
    <Data name='count'>
      <value>2</value>
    </Data>
    <Data name='system:index'>
      <value>+8346+5122</value>
    </Data>
    <Data name='health_score'>
      <value>-63</value>
    </Data>
  </ExtendedData>
  <MultiGeometry>
    <Polygon>
      <outerBoundaryIs>
        <LinearRing>
          <coordinates>77.59617574856843,11.285455850970449 77.59626728156887,11.285455049277957 77.59626809382554,11.28554539421152 77.59617656079816,11.285546195912994 77.59617574856843,11.285455850970449 </coordinates>
        </LinearRing>
      </outerBoundaryIs>
    </Polygon>
    <Polygon>
      <outerBoundaryIs>
        <LinearRing>
          <coordinates>77.59617574856843,11.285455850970449 77.59608421556798,11.285456652644974 77.59608340337418,11.285366307693444 77.59617493634768,11.285365506036884 77.59617574856843,11.285455850970449 </coordinates>
        </LinearRing>
      </outerBoundaryIs>
    </Polygon>
  </MultiGeometry>
</Placemark><Placemark>
  <ExtendedData>
    <Data name='count'>
      <value>3</value>
    </Data>
    <Data name='system:index'>
      <value>+8346+5123</value>
    </Data>
    <Data name='health_score'>
      <value>-64</value>
    </Data>
  </ExtendedData>
  <Polygon>
    <outerBoundaryIs>
      <LinearRing>
        <coordinates>77.59589952526933,11.285277565974186 77.59617412413591,11.285275161094338 77.59617493634768,11.285365506036884 77.59590033740025,11.285367910934697 77.59589952526933,11.285277565974186 </coordinates>
      </LinearRing>
    </outerBoundaryIs>
  </Polygon>
</Placemark><Placemark>
  <ExtendedData>
    <Data name='count'>
      <value>2</value>
    </Data>
    <Data name='system:index'>
      <value>+8346+5124</value>
    </Data>
    <Data name='health_score'>
      <value>-66</value>
    </Data>
  </ExtendedData>
  <Polygon>
    <outerBoundaryIs>
      <LinearRing>
        <coordinates>77.59599024608497,11.285186419419995 77.59617331192415,11.285184816151792 77.59617412413591,11.285275161094338 77.59599105823385,11.285276764371526 77.59599024608497,11.285186419419995 </coordinates>
      </LinearRing>
    </outerBoundaryIs>
  </Polygon>
</Placemark><Placemark>
  <ExtendedData>
    <Data name='count'>
      <value>1</value>
    </Data>
    <Data name='system:index'>
      <value>+8346+5125</value>
    </Data>
    <Data name='health_score'>
      <value>-62</value>
    </Data>
  </ExtendedData>
  <Polygon>
    <outerBoundaryIs>
      <LinearRing>
        <coordinates>77.59608096682872,11.285095272847839 77.59617249972138,11.285094471209247 77.59617331192415,11.285184816151792 77.59608177900456,11.28518561779937 77.59608096682872,11.285095272847839 </coordinates>
      </LinearRing>
    </outerBoundaryIs>
  </Polygon>
</Placemark><Placemark>
  <ExtendedData>
    <Data name='count'>
      <value>1</value>
    </Data>
    <Data name='system:index'>
      <value>+8346+5127</value>
    </Data>
    <Data name='health_score'>
      <value>-57</value>
    </Data>
  </ExtendedData>
  <Polygon>
    <outerBoundaryIs>
      <LinearRing>
        <coordinates>77.59607934250401,11.284914582944781 77.59617087534276,11.28491378131517 77.59617168752757,11.285004126257716 77.59608015467086,11.28500492789631 77.59607934250401,11.284914582944781 </coordinates>
      </LinearRing>
    </outerBoundaryIs>
  </Polygon>
</Placemark><Placemark>
  <ExtendedData>
    <Data name='count'>
      <value>1</value>
    </Data>
    <Data name='system:index'>
      <value>+8346+5128</value>
    </Data>
    <Data name='health_score'>
      <value>-54</value>
    </Data>
  </ExtendedData>
  <Polygon>
    <outerBoundaryIs>
      <LinearRing>
        <coordinates>77.59607853035513,11.28482423799325 77.59617006315794,11.284823436372625 77.59617087534276,11.28491378131517 77.59607934250401,11.284914582944781 77.59607853035513,11.28482423799325 </coordinates>
      </LinearRing>
    </outerBoundaryIs>
  </Polygon>
</Placemark><Placemark>
  <ExtendedData>
    <Data name='count'>
      <value>1</value>
    </Data>
    <Data name='system:index'>
      <value>+8346+5129</value>
    </Data>
    <Data name='health_score'>
      <value>-58</value>
    </Data>
  </ExtendedData>
  <Polygon>
    <outerBoundaryIs>
      <LinearRing>
        <coordinates>77.59607771820625,11.284733893041722 77.59616925098211,11.284733091430077 77.59617006315794,11.284823436372625 77.59607853035513,11.28482423799325 77.59607771820625,11.284733893041722 </coordinates>
      </LinearRing>
    </outerBoundaryIs>
  </Polygon>
</Placemark><Placemark>
  <ExtendedData>
    <Data name='count'>
      <value>1</value>
    </Data>
    <Data name='system:index'>
      <value>+8346+5130</value>
    </Data>
    <Data name='health_score'>
      <value>-63</value>
    </Data>
  </ExtendedData>
  <Polygon>
    <outerBoundaryIs>
      <LinearRing>
        <coordinates>77.59607690607533,11.284643548090193 77.59616843881527,11.284642746478548 77.59616925098211,11.284733091430077 77.59607771820625,11.284733893041722 77.59607690607533,11.284643548090193 </coordinates>
      </LinearRing>
    </outerBoundaryIs>
  </Polygon>
</Placemark><Placemark>
  <ExtendedData>
    <Data name='count'>
      <value>1</value>
    </Data>
    <Data name='system:index'>
      <value>+8346+5131</value>
    </Data>
    <Data name='health_score'>
      <value>-60</value>
    </Data>
  </ExtendedData>
  <Polygon>
    <outerBoundaryIs>
      <LinearRing>
        <coordinates>77.59607609394442,11.284553203138662 77.5961676266574,11.284552401536002 77.59616843881527,11.284642746478548 77.59607690607533,11.284643548090193 77.59607609394442,11.284553203138662 </coordinates>
      </LinearRing>
    </outerBoundaryIs>
  </Polygon>
</Placemark><Placemark>
  <ExtendedData>
    <Data name='count'>
      <value>1</value>
    </Data>
    <Data name='system:index'>
      <value>+8346+5134</value>
    </Data>
    <Data name='health_score'>
      <value>-60</value>
    </Data>
  </ExtendedData>
  <Polygon>
    <outerBoundaryIs>
      <LinearRing>
        <coordinates>77.5960736575876,11.284282168275091 77.59616519021974,11.284281366690397 77.59616600235964,11.284371711641926 77.59607446970055,11.28437251322662 77.5960736575876,11.284282168275091 </coordinates>
      </LinearRing>
    </outerBoundaryIs>
  </Polygon>
</Placemark><Placemark>
  <ExtendedData>
    <Data name='count'>
      <value>7</value>
    </Data>
    <Data name='system:index'>
      <value>+8347+5116</value>
    </Data>
    <Data name='health_score'>
      <value>-46</value>
    </Data>
  </ExtendedData>
  <MultiGeometry>
    <Polygon>
      <outerBoundaryIs>
        <LinearRing>
          <coordinates>77.59618143432027,11.286088265550305 77.59618062204562,11.285997920607759 77.5959975556944,11.285999524001726 77.59599674348263,11.285909179050197 77.59627134292413,11.285906773945772 77.59627296751835,11.286087463803915 77.59618143432027,11.286088265550305 </coordinates>
        </LinearRing>
      </outerBoundaryIs>
    </Polygon>
    <Polygon>
      <outerBoundaryIs>
        <LinearRing>
          <coordinates>77.59618224659492,11.28617861048387 77.59636531303597,11.286177006955153 77.59636612538249,11.286267351879735 77.59618305887855,11.286268955417432 77.59618224659492,11.28617861048387 </coordinates>
        </LinearRing>
      </outerBoundaryIs>
    </Polygon>
    <Polygon>
      <outerBoundaryIs>
        <LinearRing>
          <coordinates>77.59618143432027,11.286088265550305 77.59618224659492,11.28617861048387 77.59609071336989,11.28617941220331 77.59608990111322,11.286089067260765 77.59618143432027,11.286088265550305 </coordinates>
        </LinearRing>
      </outerBoundaryIs>
    </Polygon>
  </MultiGeometry>
</Placemark><Placemark>
  <ExtendedData>
    <Data name='count'>
      <value>1</value>
    </Data>
    <Data name='system:index'>
      <value>+8347+5117</value>
    </Data>
    <Data name='health_score'>
      <value>-49</value>
    </Data>
  </ExtendedData>
  <Polygon>
    <outerBoundaryIs>
      <LinearRing>
        <coordinates>77.59617899753226,11.28581723073165 77.59627053064051,11.285816429012208 77.59627134292413,11.285906773945772 77.59617980978895,11.285907575674196 77.59617899753226,11.28581723073165 </coordinates>
      </LinearRing>
    </outerBoundaryIs>
  </Polygon>
</Placemark><Placemark>
  <ExtendedData>
    <Data name='count'>
      <value>1</value>
    </Data>
    <Data name='system:index'>
      <value>+8347+5118</value>
    </Data>
    <Data name='health_score'>
      <value>-50</value>
    </Data>
  </ExtendedData>
  <Polygon>
    <outerBoundaryIs>
      <LinearRing>
        <coordinates>77.59617818527559,11.285726885798086 77.59626971835688,11.285726084078645 77.59627053064051,11.285816429012208 77.59617899753226,11.28581723073165 77.59617818527559,11.285726885798086 </coordinates>
      </LinearRing>
    </outerBoundaryIs>
  </Polygon>
</Placemark><Placemark>
  <ExtendedData>
    <Data name='count'>
      <value>2</value>
    </Data>
    <Data name='system:index'>
      <value>+8347+5119</value>
    </Data>
    <Data name='health_score'>
      <value>-52</value>
    </Data>
  </ExtendedData>
  <Polygon>
    <outerBoundaryIs>
      <LinearRing>
        <coordinates>77.59608583997354,11.285637342539049 77.59626890609121,11.285635739145082 77.59626971835688,11.285726084078645 77.5960866521853,11.285727687481597 77.59608583997354,11.285637342539049 </coordinates>
      </LinearRing>
    </outerBoundaryIs>
  </Polygon>
</Placemark><Placemark>
  <ExtendedData>
    <Data name='count'>
      <value>1</value>
    </Data>
    <Data name='system:index'>
      <value>+8347+5122</value>
    </Data>
    <Data name='health_score'>
      <value>-59</value>
    </Data>
  </ExtendedData>
  <Polygon>
    <outerBoundaryIs>
      <LinearRing>
        <coordinates>77.59617493634768,11.285365506036884 77.59626646931218,11.285364704344392 77.59626728156887,11.285455049277957 77.59617574856843,11.285455850970449 77.59617493634768,11.285365506036884 </coordinates>
      </LinearRing>
    </outerBoundaryIs>
  </Polygon>
</Placemark><Placemark>
  <ExtendedData>
    <Data name='count'>
      <value>1</value>
    </Data>
    <Data name='system:index'>
      <value>+8347+5123</value>
    </Data>
    <Data name='health_score'>
      <value>-61</value>
    </Data>
  </ExtendedData>
  <Polygon>
    <outerBoundaryIs>
      <LinearRing>
        <coordinates>77.59617412413591,11.285275161094338 77.59626565707347,11.28527435941083 77.59626646931218,11.285364704344392 77.59617493634768,11.285365506036884 77.59617412413591,11.285275161094338 </coordinates>
      </LinearRing>
    </outerBoundaryIs>
  </Polygon>
</Placemark><Placemark>
  <ExtendedData>
    <Data name='count'>
      <value>1</value>
    </Data>
    <Data name='system:index'>
      <value>+8347+5124</value>
    </Data>
    <Data name='health_score'>
      <value>-63</value>
    </Data>
  </ExtendedData>
  <Polygon>
    <outerBoundaryIs>
      <LinearRing>
        <coordinates>77.59617331192415,11.285184816151792 77.59626484483476,11.285184014468284 77.59626565707347,11.28527435941083 77.59617412413591,11.285275161094338 77.59617331192415,11.285184816151792 </coordinates>
      </LinearRing>
    </outerBoundaryIs>
  </Polygon>
</Placemark><Placemark>
  <ExtendedData>
    <Data name='count'>
      <value>1</value>
    </Data>
    <Data name='system:index'>
      <value>+8347+5125</value>
    </Data>
    <Data name='health_score'>
      <value>-57</value>
    </Data>
  </ExtendedData>
  <Polygon>
    <outerBoundaryIs>
      <LinearRing>
        <coordinates>77.59617249972138,11.285094471209247 77.59626403260503,11.28509366953472 77.59626484483476,11.285184014468284 77.59617331192415,11.285184816151792 77.59617249972138,11.285094471209247 </coordinates>
      </LinearRing>
    </outerBoundaryIs>
  </Polygon>
</Placemark><Placemark>
  <ExtendedData>
    <Data name='count'>
      <value>1</value>
    </Data>
    <Data name='system:index'>
      <value>+8347+5126</value>
    </Data>
    <Data name='health_score'>
      <value>-52</value>
    </Data>
  </ExtendedData>
  <Polygon>
    <outerBoundaryIs>
      <LinearRing>
        <coordinates>77.59617168752757,11.285004126257716 77.59626322038429,11.285003324601156 77.59626403260503,11.28509366953472 77.59617249972138,11.285094471209247 77.59617168752757,11.285004126257716 </coordinates>
      </LinearRing>
    </outerBoundaryIs>
  </Polygon>
</Placemark><Placemark>
  <ExtendedData>
    <Data name='count'>
      <value>2</value>
    </Data>
    <Data name='system:index'>
      <value>+8347+5128</value>
    </Data>
    <Data name='health_score'>
      <value>-55</value>
    </Data>
  </ExtendedData>
  <Polygon>
    <outerBoundaryIs>
      <LinearRing>
        <coordinates>77.59617006315794,11.284823436372625 77.59626159595177,11.284822634725048 77.59626322038429,11.285003324601156 77.59617168752757,11.285004126257716 77.59617006315794,11.284823436372625 </coordinates>
      </LinearRing>
    </outerBoundaryIs>
  </Polygon>
</Placemark><Placemark>
  <ExtendedData>
    <Data name='count'>
      <value>1</value>
    </Data>
    <Data name='system:index'>
      <value>+8347+5129</value>
    </Data>
    <Data name='health_score'>
      <value>-60</value>
    </Data>
  </ExtendedData>
  <Polygon>
    <outerBoundaryIs>
      <LinearRing>
        <coordinates>77.59616925098211,11.284733091430077 77.59626078374899,11.284732289782502 77.59626159595177,11.284822634725048 77.59617006315794,11.284823436372625 77.59616925098211,11.284733091430077 </coordinates>
      </LinearRing>
    </outerBoundaryIs>
  </Polygon>
</Placemark><Placemark>
  <ExtendedData>
    <Data name='count'>
      <value>1</value>
    </Data>
    <Data name='system:index'>
      <value>+8347+5130</value>
    </Data>
    <Data name='health_score'>
      <value>-66</value>
    </Data>
  </ExtendedData>
  <Polygon>
    <outerBoundaryIs>
      <LinearRing>
        <coordinates>77.59616843881527,11.284642746478548 77.5962599715552,11.284641944839954 77.59626078374899,11.284732289782502 77.59616925098211,11.284733091430077 77.59616843881527,11.284642746478548 </coordinates>
      </LinearRing>
    </outerBoundaryIs>
  </Polygon>
</Placemark><Placemark>
  <ExtendedData>
    <Data name='count'>
      <value>1</value>
    </Data>
    <Data name='system:index'>
      <value>+8347+5131</value>
    </Data>
    <Data name='health_score'>
      <value>-65</value>
    </Data>
  </ExtendedData>
  <Polygon>
    <outerBoundaryIs>
      <LinearRing>
        <coordinates>77.5961676266574,11.284552401536002 77.59625915937038,11.284551599897409 77.5962599715552,11.284641944839954 77.59616843881527,11.284642746478548 77.5961676266574,11.284552401536002 </coordinates>
      </LinearRing>
    </outerBoundaryIs>
  </Polygon>
</Placemark><Placemark>
  <ExtendedData>
    <Data name='count'>
      <value>1</value>
    </Data>
    <Data name='system:index'>
      <value>+8347+5132</value>
    </Data>
    <Data name='health_score'>
      <value>-58</value>
    </Data>
  </ExtendedData>
  <Polygon>
    <outerBoundaryIs>
      <LinearRing>
        <coordinates>77.59616681450852,11.284462056584472 77.59625834718557,11.284461254963846 77.59625915937038,11.284551599897409 77.5961676266574,11.284552401536002 77.59616681450852,11.284462056584472 </coordinates>
      </LinearRing>
    </outerBoundaryIs>
  </Polygon>
</Placemark><Placemark>
  <ExtendedData>
    <Data name='count'>
      <value>2</value>
    </Data>
    <Data name='system:index'>
      <value>+8347+5133</value>
    </Data>
    <Data name='health_score'>
      <value>-55</value>
    </Data>
  </ExtendedData>
  <MultiGeometry>
    <Polygon>
      <outerBoundaryIs>
        <LinearRing>
          <coordinates>77.59616681450852,11.284462056584472 77.5961676266574,11.284552401536002 77.59607609394442,11.284553203138662 77.5960752818135,11.284462858187133 77.59616681450852,11.284462056584472 </coordinates>
        </LinearRing>
      </outerBoundaryIs>
    </Polygon>
    <Polygon>
      <outerBoundaryIs>
        <LinearRing>
          <coordinates>77.59616681450852,11.284462056584472 77.59616600235964,11.284371711641926 77.59625753500973,11.2843709100213 77.59625834718557,11.284461254963846 77.59616681450852,11.284462056584472 </coordinates>
        </LinearRing>
      </outerBoundaryIs>
    </Polygon>
  </MultiGeometry>
</Placemark><Placemark>
  <ExtendedData>
    <Data name='count'>
      <value>2</value>
    </Data>
    <Data name='system:index'>
      <value>+8347+5134</value>
    </Data>
    <Data name='health_score'>
      <value>-57</value>
    </Data>
  </ExtendedData>
  <MultiGeometry>
    <Polygon>
      <outerBoundaryIs>
        <LinearRing>
          <coordinates>77.59616600235964,11.284371711641926 77.59616681450852,11.284462056584472 77.5960752818135,11.284462858187133 77.59607446970055,11.28437251322662 77.59616600235964,11.284371711641926 </coordinates>
        </LinearRing>
      </outerBoundaryIs>
    </Polygon>
    <Polygon>
      <outerBoundaryIs>
        <LinearRing>
          <coordinates>77.59616600235964,11.284371711641926 77.59616519021974,11.284281366690397 77.59625672284288,11.284280565078753 77.59625753500973,11.2843709100213 77.59616600235964,11.284371711641926 </coordinates>
        </LinearRing>
      </outerBoundaryIs>
    </Polygon>
  </MultiGeometry>
</Placemark><Placemark>
  <ExtendedData>
    <Data name='count'>
      <value>2</value>
    </Data>
    <Data name='system:index'>
      <value>+8347+5135</value>
    </Data>
    <Data name='health_score'>
      <value>-61</value>
    </Data>
  </ExtendedData>
  <Polygon>
    <outerBoundaryIs>
      <LinearRing>
        <coordinates>77.59607284548363,11.284191823314579 77.59625591068502,11.284190220136207 77.59625672284288,11.284280565078753 77.5960736575876,11.284282168275091 77.59607284548363,11.284191823314579 </coordinates>
      </LinearRing>
    </outerBoundaryIs>
  </Polygon>
</Placemark><Placemark>
  <ExtendedData>
    <Data name='count'>
      <value>9</value>
    </Data>
    <Data name='system:index'>
      <value>+8348+5115</value>
    </Data>
    <Data name='health_score'>
      <value>-45</value>
    </Data>
  </ExtendedData>
  <MultiGeometry>
    <Polygon>
      <outerBoundaryIs>
        <LinearRing>
          <coordinates>77.59618143432027,11.286088265550305 77.59608990111322,11.286089067260765 77.59609071336989,11.28617941220331 77.59599918012691,11.286180213895802 77.59599836790616,11.286089868953256 77.59581530146511,11.286091472239425 77.59581448930723,11.286001127278913 77.59618062204562,11.285997920607759 77.59618143432027,11.286088265550305 </coordinates>
        </LinearRing>
      </outerBoundaryIs>
    </Polygon>
    <Polygon>
      <outerBoundaryIs>
        <LinearRing>
          <coordinates>77.59609071336989,11.28617941220331 77.59618224659492,11.28617861048387 77.59618305887855,11.286268955417432 77.5960915256176,11.286269757145856 77.59609071336989,11.28617941220331 </coordinates>
        </LinearRing>
      </outerBoundaryIs>
    </Polygon>
    <Polygon>
      <outerBoundaryIs>
        <LinearRing>
          <coordinates>77.59618143432027,11.286088265550305 77.59627296751835,11.286087463803915 77.59627215521675,11.285997118870352 77.59636368837889,11.285996317105994 77.59636531303597,11.286177006955153 77.59618224659492,11.28617861048387 77.59618143432027,11.286088265550305 </coordinates>
        </LinearRing>
      </outerBoundaryIs>
    </Polygon>
  </MultiGeometry>
</Placemark><Placemark>
  <ExtendedData>
    <Data name='count'>
      <value>1</value>
    </Data>
    <Data name='system:index'>
      <value>+8348+5116</value>
    </Data>
    <Data name='health_score'>
      <value>-47</value>
    </Data>
  </ExtendedData>
  <Polygon>
    <outerBoundaryIs>
      <LinearRing>
        <coordinates>77.59627134292413,11.285906773945772 77.59636287605932,11.285905972181414 77.59636368837889,11.285996317105994 77.59627215521675,11.285997118870352 77.59627134292413,11.285906773945772 </coordinates>
      </LinearRing>
    </outerBoundaryIs>
  </Polygon>
</Placemark><Placemark>
  <ExtendedData>
    <Data name='count'>
      <value>1</value>
    </Data>
    <Data name='system:index'>
      <value>+8348+5117</value>
    </Data>
    <Data name='health_score'>
      <value>-52</value>
    </Data>
  </ExtendedData>
  <Polygon>
    <outerBoundaryIs>
      <LinearRing>
        <coordinates>77.59627053064051,11.285816429012208 77.59636206373976,11.285815627256834 77.59636287605932,11.285905972181414 77.59627134292413,11.285906773945772 77.59627053064051,11.285816429012208 </coordinates>
      </LinearRing>
    </outerBoundaryIs>
  </Polygon>
</Placemark><Placemark>
  <ExtendedData>
    <Data name='count'>
      <value>1</value>
    </Data>
    <Data name='system:index'>
      <value>+8348+5118</value>
    </Data>
    <Data name='health_score'>
      <value>-54</value>
    </Data>
  </ExtendedData>
  <Polygon>
    <outerBoundaryIs>
      <LinearRing>
        <coordinates>77.59626971835688,11.285726084078645 77.59636125143817,11.285725282332255 77.59636206373976,11.285815627256834 77.59627053064051,11.285816429012208 77.59626971835688,11.285726084078645 </coordinates>
      </LinearRing>
    </outerBoundaryIs>
  </Polygon>
</Placemark><Placemark>
  <ExtendedData>
    <Data name='count'>
      <value>1</value>
    </Data>
    <Data name='system:index'>
      <value>+8348+5119</value>
    </Data>
    <Data name='health_score'>
      <value>-51</value>
    </Data>
  </ExtendedData>
  <Polygon>
    <outerBoundaryIs>
      <LinearRing>
        <coordinates>77.59626890609121,11.285635739145082 77.59636043913657,11.285634937407673 77.59636125143817,11.285725282332255 77.59626971835688,11.285726084078645 77.59626890609121,11.285635739145082 </coordinates>
      </LinearRing>
    </outerBoundaryIs>
  </Polygon>
</Placemark><Placemark>
  <ExtendedData>
    <Data name='count'>
      <value>1</value>
    </Data>
    <Data name='system:index'>
      <value>+8348+5120</value>
    </Data>
    <Data name='health_score'>
      <value>-57</value>
    </Data>
  </ExtendedData>
  <Polygon>
    <outerBoundaryIs>
      <LinearRing>
        <coordinates>77.59626809382554,11.28554539421152 77.59635962684396,11.285544592483093 77.59636043913657,11.285634937407673 77.59626890609121,11.285635739145082 77.59626809382554,11.28554539421152 </coordinates>
      </LinearRing>
    </outerBoundaryIs>
  </Polygon>
</Placemark><Placemark>
  <ExtendedData>
    <Data name='count'>
      <value>4</value>
    </Data>
    <Data name='system:index'>
      <value>+8348+5121</value>
    </Data>
    <Data name='health_score'>
      <value>-58</value>
    </Data>
  </ExtendedData>
  <MultiGeometry>
    <Polygon>
      <outerBoundaryIs>
        <LinearRing>
          <coordinates>77.59626809382554,11.28554539421152 77.59626890609121,11.285635739145082 77.59599430691023,11.285638144195609 77.5959934947254,11.285547799235097 77.59626809382554,11.28554539421152 </coordinates>
        </LinearRing>
      </outerBoundaryIs>
    </Polygon>
    <Polygon>
      <outerBoundaryIs>
        <LinearRing>
          <coordinates>77.59626809382554,11.28554539421152 77.59626728156887,11.285455049277957 77.59635881455135,11.28545424754953 77.59635962684396,11.285544592483093 77.59626809382554,11.28554539421152 </coordinates>
        </LinearRing>
      </outerBoundaryIs>
    </Polygon>
  </MultiGeometry>
</Placemark><Placemark>
  <ExtendedData>
    <Data name='count'>
      <value>2</value>
    </Data>
    <Data name='system:index'>
      <value>+8348+5123</value>
    </Data>
    <Data name='health_score'>
      <value>-56</value>
    </Data>
  </ExtendedData>
  <Polygon>
    <outerBoundaryIs>
      <LinearRing>
        <coordinates>77.59626565707347,11.28527435941083 77.59635719000205,11.285273557691388 77.59635881455135,11.28545424754953 77.59626728156887,11.285455049277957 77.59626565707347,11.28527435941083 </coordinates>
      </LinearRing>
    </outerBoundaryIs>
  </Polygon>
</Placemark><Placemark>
  <ExtendedData>
    <Data name='count'>
      <value>1</value>
    </Data>
    <Data name='system:index'>
      <value>+8348+5124</value>
    </Data>
    <Data name='health_score'>
      <value>-58</value>
    </Data>
  </ExtendedData>
  <Polygon>
    <outerBoundaryIs>
      <LinearRing>
        <coordinates>77.59626484483476,11.285184014468284 77.59635637773638,11.285183212766809 77.59635719000205,11.285273557691388 77.59626565707347,11.28527435941083 77.59626484483476,11.285184014468284 </coordinates>
      </LinearRing>
    </outerBoundaryIs>
  </Polygon>
</Placemark>
</Document>
</kml>